OBJECTID,GEOID,NAMELSAD,CanopyCoverPer,CanopyCoverPer_Final,COUNT_Tree_ID,SUM_Replacement_Value____,SUM_Carbon_Storage__lb_,SUM_Carbon_Storage____,SUM_Gross_Carbon_Sequestration_,SUM_Gross_Carbon_Sequestration1,SUM_Avoided_Runoff__ftÂ__yr_,SUM_Avoided_Runoff____yr_,SUM_Pollution_Removal__oz_yr_,SUM_Pollution_Removal____yr_,SUM_Total_Annual_Benefits____yr,Residential,Commercial,Mixed_Use,Industrial,Civic,Educational,Public_Recreation___Cultural,Public_Open_Space,Mixed_Use___Industrial,Water,Sum_,GEOID_2,geoid_1,total_pop,state,county,pctpov,pctpoc,unemplrate,medhhinc,dep_ratio,child_perc,seniorperc,treecanopy,area,source,avg_temp,ua_name,incorpname,congressio,biome,bgpopdense,popadjust,tc_gap,tc_goal,phys_hlth,ment_hlth,asthma,core_m,core_w,core_norm,healthnorm,priority,tes,tesctyscor,Shape__Area,Shape__Length
1,040133191042,Block Group 2,12.1237990493211,,,,,,,,,,,,,0.819095863065877,0.118144341985689,0.0091509932658984,0.0536088016825365,0,0,0,0,0,0,1,40133191042,40133191042,3002,AZ,Maricopa County,0.61892071952032,0.512325116588941,0.04876615746181,33264,0.1875,0.137574950033311,0.020319786808794,-1,0.404751,ED,105.840182648402,"Phoenix--Mesa, AZ",Tempe,AZ Congressional District 9,Desert,7416.90570251834,0.8,0.085062470506558,-1,10.8,17.5,11,26.4,21.6,0.338474788600063,0.420345064735454,0.447436937342328,76.9707988447861,77.0743051389794,582395.22265625,4685.62937453835
2,040133191043,Block Group 3,20.668094010027,20.6680959966149,108,156903.58,28261.7,2410.08,1835.7,156.48,441.4,29.62,534.300000000001,103.8,290.12,0.609595361309454,0.0938404105473697,0.229141713877198,0,0,0,0,0.0674225142659786,0,0,1,40133191043,40133191043,984,AZ,Maricopa County,0.530487804878049,0.578252032520325,0.069727891156462,0,0.115646258503401,0.04369918699187,0.059959349593496,-1,0.333447,ED,105.609788359788,"Phoenix--Mesa, AZ",Tempe,AZ Congressional District 9,Desert,2950.9937111445,1,0.026514108688937,-1,10.8,17.5,11,26.4,21.6,0.338474788600063,0.420345064735454,0.447907684871822,92.8142087978956,77.0743051389794,479834.9296875,3027.39972521581
3,040133197062,Block Group 2,15.8113890819599,15.8113891410002,,,,,,,,,,,,0.874717177890868,0.0619492583178317,0,0,0,0,0,0.032836818966542,0,0.0304967448247581,1,40133197062,40133197062,1177,AZ,Maricopa County,0.384027187765505,0.579439252336449,0.037904124860647,63490,0.105164319248826,0.074766355140187,0.020390824129142,-1,0.235687,ED,104.779026217228,"Phoenix--Mesa, AZ",Tempe,AZ Congressional District 9,Desert,4993.91141641244,0.8,0.031917076461578,-1,12,15.9,10.5,29.3,23.4,0.466927654243658,0.410032378712954,0.387965333006465,92.5075289726729,77.0743051389794,338906.9453125,2667.31166922025
4,040133196003,Block Group 3,12.2258107706491,12.2258104145182,87,94847.58,16791.9,1432.01,1660.8,141.7,246.2,16.42,298.1,57.88,216.08,0.770905278408646,0.228900327878127,0.000194393713226568,0,0,0,0,0,0,0,1,40133196003,40133196003,2079,AZ,Maricopa County,0.486854917234664,0.311688311688312,0.034351145038168,53500,0.448780487804878,0.196248196248196,0.113516113516114,-1,0.642336,ED,105.388049450549,"Phoenix--Mesa, AZ",Tempe,AZ Congressional District 9,Desert,3236.62382304588,1,0.106960220196284,-1,11.5,13.1,9.9,33.3,25.1,0.618853742561854,0.347047557041302,0.374511314074112,75.7620280594783,77.0743051389794,923989.0625,3844.20252870887
5,040133194011,Block Group 1,12.5153996801696,12.5153977672253,,,,,,,,,,,,0.733012623810871,0.266987376189129,0,0,0,0,0,0,0,0,1,40133194011,40133194011,502,AZ,Maricopa County,0.075697211155378,0.141434262948207,0.096103896103896,50234,0.43019943019943,0.107569721115538,0.193227091633466,-1,0.159142,ED,105.625,"Phoenix--Mesa, AZ",Tempe,AZ Congressional District 9,Desert,3154.41555340514,1,0.086748312827538,-1,10.8,13.3,10.1,33.9,26.5,0.678578139680551,0.365940617648005,0.308576730830167,83.8030493757568,77.0743051389794,228837.0703125,1904.85873638604
6,040133198003,Block Group 3,11.4209185231458,11.4209185004603,37,56339.48,13400.6,1142.71,813.7,69.38,103.8,6.95,125.2,24.41,100.7,0.695355546726577,0.242931921882758,0,0,0.0617125313906646,0,0,0,0,0,1,40133198003,40133198003,502,AZ,Maricopa County,0.48605577689243,0.245019920318725,0,67829,0.270886075949367,0.151394422310757,0.061752988047809,-1,0.347015,ED,106.511688311688,"Phoenix--Mesa, AZ",Tempe,AZ Congressional District 9,Desert,1446.62334481218,1.2,0.137001858709278,-1,11.4,15.5,10.6,31.4,24.1,0.540479173191356,0.415618966788017,0.358250979352931,70.3022947017339,77.0743051389794,499091.79296875,3035.66184234095
7,040133199054,Block Group 4,11.5703253447029,11.5703256371626,179,478113.52,98007.5999999999,8357.61,3316.5,282.58,1107.5,74.05,1341.9,260.49,617.46,0.736297105915316,0.0148962633099026,0,0,0,0.0491477336069109,0,0.178735996550758,0,0.0209229006171129,1,40133199054,40133199054,908,AZ,Maricopa County,0.029735682819383,0.377753303964758,0.062630480167015,111833,0.716446124763705,0.126651982378855,0.290748898678414,-1,0.679431,ED,104.994778067885,"Phoenix--Mesa, AZ",Tempe,AZ Congressional District 9,Desert,1336.41238035945,1.2,0.094020702617337,-1,12.4,12.4,10,33.7,26.9,0.686626996554964,0.3687625231748,0.330474688688815,81.1994418758872,77.0743051389794,976381.46875,4160.03619428485
8,040133199061,Block Group 1,14.722692463976,14.4235623400626,1202,2508464.87,574299.6,48974.2499999997,17929.2,1529.41000000001,4702.79999999999,314.62,5699.6,1107.06,2950.66000000001,0.643747819709001,0.0762135244997836,0,0.239275917315974,0,0,0,0.0407189144565916,0,4.38240186507774e-05,1,40133199061,40133199061,2224,AZ,Maricopa County,0.12455035971223,0.211330935251798,0.021472392638037,83875,0.459317585301837,0.149730215827338,0.165017985611511,-1,1.235937,ED,105.304946996466,"Phoenix--Mesa, AZ",Tempe,AZ Congressional District 9,Desert,1799.44447006603,1.2,0.096371141894773,-1,10.6,10.8,9.4,36,28.4,0.790839336047604,0.298877999928942,0.271856858724971,84.1475516454359,77.0743051389794,1757370.515625,5593.79215978124
9,040133199062,Block Group 2,9.72120049244428,9.71459613148789,10,18672.77,3513.8,299.64,219.7,18.74,49.2,3.29,59.6,11.59,33.62,0.385875433984015,0.0327889062534062,0.0494016205502509,0.471646562981972,0,0,0,0.0219907095070435,0,0.0382967667233125,1,40133199062,40133199062,1356,AZ,Maricopa County,0.192477876106195,0.399705014749263,0.016393442622951,133063,0.467532467532468,0.215339233038348,0.103244837758112,-1,1.281408,ED,105.790877192982,"Phoenix--Mesa, AZ",Tempe,AZ Congressional District 9,Desert,1058.21096793527,1.2,0.128260819348716,-1,10.6,10.8,9.4,36,28.4,0.790839336047604,0.298877999928942,0.32236063902157,74.9824333421693,77.0743051389794,1921547.76171875,5848.28011567655
10,040133199071,Block Group 1,11.4480384022272,11.4480381965903,237,670166.66,141975.8,12107.06,5487.8,467.89,1673.5,111.84,2027.2,394.01,973.9,0.687896600033207,0.057331229336133,0,0,2.26255566131034e-05,0.10528203178572,0,0.149467513288327,0,0,1,40133199071,40133199071,832,AZ,Maricopa County,0.093711467324291,0.219951923076923,0.057324840764331,126417,0.644268774703557,0.198317307692308,0.193509615384615,-1,0.647128,ED,105.251028806584,"Phoenix--Mesa, AZ",Tempe,AZ Congressional District 9,Desert,1285.68073086005,1.2,0.096379757945878,-1,9.1,9.3,9.1,39.7,32.1,1,0.278497770345596,0.295416869892148,82.7721861228765,77.0743051389794,929802.10546875,3847.68736816553
11,040133199072,Block Group 2,22.8378824550088,22.837882020867,268,690937.3,146056,12454.88,4185.1,356.87,1666,111.42,2016.6,392.16,860.489999999998,0.937300958990883,0.0626714715558293,2.75694532883059e-05,0,0,0,0,0,0,0,1,40133199072,40133199072,1294,AZ,Maricopa County,0.027047913446677,0.085780525502318,0.038404726735598,147708,0.669677419354839,0.21097372488408,0.190108191653787,-1,1.936291,ED,106.747219647822,"Phoenix--Mesa, AZ",Tempe,AZ Congressional District 9,Desert,668.287979441107,1.2,0.022154924027432,-1,9.1,9.3,9.1,39.7,32.1,1,0.278497770345596,0.268979120089038,96.3942311602982,77.0743051389794,2781779.8046875,7701.00400067957
12,040133199081,Block Group 1,8.37960768371982,8.3796077779478,1479,5972321.80999999,874819.999999997,74601.1399999998,31562.6,2691.92000000001,14996,1002.56,18158.2,3529.31000000001,7223.93999999998,0.23030391499208,0.0394388170411714,0,0.433420758039538,0.000956156543860581,0,0,0.279012120821405,0,0.0168682325619453,1,40133199081,40133199081,2647,AZ,Maricopa County,0.273972602739726,0.49376652814507,0.032459425717853,65461,0.469739033870072,0.200226671703816,0.119380430676237,-1,2.561269,ED,106.135721849629,"Phoenix--Mesa, AZ",Tempe,AZ Congressional District 9,Desert,1033.47207966051,1.2,0.127940649732613,-1,12,13.5,10.2,31.9,25.4,0.594550579392421,0.373909624243023,0.381462469498891,70.4695941614267,77.0743051389794,3720904.4375,7711.2826495016
13,040133199091,Block Group 1,15.2287262835293,15.2203738264792,324,448410.689999999,82617.6999999999,7045.17000000001,3820.90000000001,325.66,1212.6,80.8899999999999,1469.2,285.5,692.119999999999,0.408639838342882,0.0484450393460695,0.0431557080648494,0.430088629573657,0,0,0,0.0343927417617372,0,0.0352780429108045,1,40133199091,40133199091,2477,AZ,Maricopa County,0.187323375050464,0.267662494953573,0.058446186742694,88404,0.575699745547074,0.172385950746871,0.192975373435608,-1,2.573746,ED,105.733988478482,"Phoenix--Mesa, AZ",Tempe,AZ Congressional District 9,Desert,962.410432109462,1.2,0.098500893250538,-1,11,10.5,9.5,36.4,29.2,0.826354525524585,0.31313631907576,0.330663439734815,80.2923248156119,77.0743051389794,3773502.21484375,7759.60616906579
14,040133199101,Block Group 1,10.0719702567823,9.93138400502585,1013,2212310.39,405371.200000001,34567.6500000001,17027.6999999999,1451.81000000001,5526.39999999998,369.47,6689.7,1300.34,3122.50000000001,0.203720224520346,0.354216482143264,0.0364584888685892,0.315365871813163,0.0110096340477492,3.5851726996785e-05,0.0134219385896683,0.0618058588993942,0,0.00396564939083036,1,40133199101,40133199101,3175,AZ,Maricopa County,0.15244094488189,0.350236220472441,0.032608695652174,98636,0.439909297052154,0.19496062992126,0.110551181102362,-1,5.209244,ED,104.923575129534,"Phoenix--Mesa, AZ",Tempe,AZ Congressional District 9,Desert,609.493431292525,1.2,0.120135075262361,-1,10,10.1,9.2,37.5,30.8,0.904666457876605,0.291763623656865,0.301260222330718,78.1011824773307,77.0743051389794,7537381.1171875,11945.158055864
15,040133199102,Block Group 2,19.7623487744449,19.7623487800697,45,133523.1,31726.6,2705.49,916.4,78.14,381.3,25.37,461.3,89.69,193.35,0.990626580584258,0.00937341941574158,0,0,0,0,0,0,0,0,1,40133199102,40133199102,2021,AZ,Maricopa County,0.145967342899555,0.264720435428006,0.037313432835821,157281,0.649795918367347,0.248391885205344,0.145472538347353,-1,1.353247,ED,105.600475220638,"Phoenix--Mesa, AZ",Tempe,AZ Congressional District 9,Desert,1493.44502518757,1.2,0.028838386488202,-1,10,10.1,9.2,37.5,30.8,0.904666457876605,0.291763623656865,0.30854046523065,94.6161601140636,77.0743051389794,1944193.79296875,6243.60282265226
16,040133200011,Block Group 1,15.2147958790262,14.7160955775387,93,276066.41,34642.8,2954.19,1411.2,120.32,889.1,59.42,1075.9,209.22,389.02,0.883920707747337,0.0787065077708825,0,0,0,0,0,0.0325543339935478,0,0.00481845048823222,1,40133200011,40133200011,2847,AZ,Maricopa County,0.194590797330523,0.632244467860906,0.049457177322075,75132,0.415713575335654,0.229715489989463,0.063926940639269,-1,0.626527,ED,106.751085383502,"Phoenix--Mesa, AZ",Tempe,AZ Congressional District 9,Desert,4544.09786010818,0.8,0.049760409367832,-1,8.7,13.1,9.8,33.9,26.5,0.678578139680551,0.311672078840485,0.396239727215932,88.0697097903342,77.0743051389794,880907.35546875,4826.70413651323
17,040133200012,Block Group 2,10.898587023948,,,,,,,,,,,,,0.178898907520302,0.108436914421162,0,0.664320013252692,0,0.0459135294100827,0,0.00209166218067163,0,0.000338973215090489,1,40133200012,40133200012,1684,AZ,Maricopa County,0.200118764845606,0.788004750593824,0.057983942908118,54688,0.212383009359251,0.142517814726841,0.032660332541568,-1,1.088037,ED,100.407083333333,"Phoenix--Mesa, AZ",Tempe,AZ Congressional District 9,Desert,1547.74148305618,1.2,0.115591344779635,-1,8.7,13.1,9.8,33.9,26.5,0.678578139680551,0.311672078840485,0.333684213159153,76.6616566763199,77.0743051389794,1666836.65234375,5751.24423253672
18,040133189004,Block Group 4,23.9140297402306,23.9140298093194,6,15093.48,682.8,58.2,16.8,1.44,10.2,0.66,12,2.4,4.5,0.82422651564165,0.0754912310064952,0.0488551039336888,0,0,0.00225365277934449,0,0.0491734966388218,0,0,1,40133189004,40133189004,1071,AZ,Maricopa County,0.392156862745098,0.296918767507003,0.042873696407879,43320,0.162866449511401,0.073762838468721,0.066293183940243,-1,0.602475,ED,105.169552669553,"Phoenix--Mesa, AZ",Tempe,AZ Congressional District 9,Desert,1777.66712311714,1.2,0.059419063031661,-1,11.7,15.4,10.4,30.6,23.8,0.511384278108362,0.400128197693776,0.348747776085767,87.4614795173345,77.0743051389794,867001.87109375,4839.39505906783
19,040134212011,Block Group 1,8.74756415556613,,,,,,,,,,,,,0.942452905205102,0.0215254430839524,0,0.0360216517109455,0,0,0,0,0,0,1,40134212011,40134212011,1799,AZ,Maricopa County,0.281267370761534,0.363535297387437,0.021067415730337,54054,0.111179740580605,0.082267926625903,0.017787659811006,-1,3.846778,ED,106.144440270473,"Phoenix--Mesa, AZ",Mesa,AZ Congressional District 9,Desert,467.66410746864,1.2,0.134646200014662,-1,8.3,14,9.8,33.9,28,0.717878162500955,0.349499596443187,0.294560279933736,77.1744475908842,79.519892065413,453335.38671875,2845.05932636227
20,040133187001,Block Group 1,5.27558377168678,5.27558393640175,424,610362.910000001,127969.5,10912.47,7193.89999999999,613.78,1073.8,71.8700000000002,1299.2,252.32,937.71,0.0496300249309066,0,0.447490986218154,0,0,0.0040614148839268,0.00102641543411633,0.161811732211873,0,0.335979426321024,1,40133187001,40133187001,2068,AZ,Maricopa County,0.2265625,0.368471953578337,0.110977080820265,129375,0.034,0.007736943907157,0.025145067698259,-1,1.218912,ED,101.686534216336,"Phoenix--Mesa, AZ",Tempe,AZ Congressional District 9,Desert,1696.59499619333,1.2,0.165268829907327,-1,8,19.1,11.4,28.8,22.6,0.428985280300658,0.45432278184428,0.326048545584647,67.3951454415353,77.0743051389794,1801609.97265625,8713.30302968553
21,040133188003,Block Group 3,14.1573319201596,14.1573328585195,43,65468.14,12143,1035.46,1212.5,103.4,180.7,12.07,218.6,42.51,158.05,0.86137352455241,0.0317727658987895,0.00971728924251468,0,0,0.0971364203062862,0,0,0,0,1,40133188003,40133188003,1235,AZ,Maricopa County,0.506072874493927,0.379757085020243,0.029411764705882,34194,0.1531279178338,0.019433198380567,0.11336032388664,-1,0.321787,ED,96.0127840909091,"Phoenix--Mesa, AZ",Tempe,AZ Congressional District 9,Desert,3837.94248990792,1,0.095311650253118,-1,10.8,16.7,10.6,28.5,23.4,0.447510178515503,0.408623402469186,0.255166388907211,85.2843820401509,77.0743051389794,463172.109375,2900.6418519559
22,040133188004,Block Group 4,9.82399729179315,9.82389398448974,1024,1600650.94000001,381088.300000001,32497.54,14526.4,1238.73,3007.00000000001,200.58,3630.9,706.299999999999,2146.26,0.153002811436574,0.246600773606441,0.122872730656611,0,0,0,0.0353321566116001,0.352813258459332,0,0.0893782692294414,1,40133188004,40133188004,2498,AZ,Maricopa County,0.635010060362173,0.426741393114492,0,42353,0.099471830985915,0.052041633306645,0.038430744595676,-1,1.608613,ED,95.7991702130781,"Phoenix--Mesa, AZ",Tempe,AZ Congressional District 9,Desert,1552.89059581142,1.2,0.133015423846506,-1,10.8,16.7,10.6,28.5,23.4,0.447510178515503,0.408623402469186,0.26442507003958,78.7179392589156,77.0743051389794,2326995.578125,6901.58404305346
23,040133189001,Block Group 1,11.6772285404378,11.6772286065756,22,57786.21,2752.6,234.64,96.8999999999999,8.27,49.1,3.2,58.4,11.52,23.02,0.884791278323847,0.0368965860144359,0.0111213332249609,0,0,0.0442131936773361,0,0.0229776087594204,0,0,1,40133189001,40133189001,2655,AZ,Maricopa County,0.505084745762712,0.592090395480226,0,43138,0.35183299389002,0.134839924670433,0.125423728813559,-1,0.704799,ED,96.4348635235732,"Phoenix--Mesa, AZ",Tempe,AZ Congressional District 9,Desert,3767.03145152022,1,0.103979787144987,-1,11.7,15.4,10.4,30.6,23.8,0.511384278108362,0.400128197693776,0.290938653282133,81.6954356986197,77.0743051389794,1014252.9921875,5052.42206736953
24,040133189002,Block Group 2,9.94200070819874,9.94200012477253,32,12084.48,1507.7,128.63,186.1,15.87,22.3,1.55,27.3,5.33,22.72,0.79909169420015,0.0362945973845103,0.0277329888070545,0,0,0.0703844797343555,0,0.0664962398739299,0,0,1,40133189002,40133189002,1436,AZ,Maricopa County,0.366108786610879,0.277855153203343,0.056261343012704,56813,0.110595514307811,0.032729805013927,0.066852367688022,-1,0.589141,ED,97.1311349693252,"Phoenix--Mesa, AZ",Tempe,AZ Congressional District 9,Desert,2437.44706275747,1,0.115296932313317,-1,11.7,15.4,10.4,30.6,23.8,0.511384278108362,0.400128197693776,0.237703281878762,83.4170428768711,77.0743051389794,847830.3203125,4766.0828033731
25,040133189003,Block Group 3,15.49322367367,15.4932236714826,336,919971.400000002,172007.5,14667.94,5914.00000000001,504.44,1993.9,133.24,2414.5,469.35,1107.14,0.766642696401612,0.0292787067400397,0.0545528677055508,0,0,0,0.022932227001626,0.126593502151172,0,0,1,40133189003,40133189003,1663,AZ,Maricopa County,0.594708358388455,0.482260974143115,0.092024539877301,39063,0.288148721920992,0.132892363199038,0.090799759470836,-1,0.692668,ED,100.339027595269,"Phoenix--Mesa, AZ",Tempe,AZ Congressional District 9,Desert,2400.86159603158,1,0.078649800481616,-1,11.7,15.4,10.4,30.6,23.8,0.511384278108362,0.400128197693776,0.391971999687923,81.3464404708849,77.0743051389794,996805.0234375,4973.05418503498
26,040133196001,Block Group 1,17.727855408388,17.7278548898166,25,18895.59,1537.6,131.11,174.6,14.89,40.9,2.82,50.8,9.83,27.54,0.828537473068127,0.0929978400249786,0.0019100886952289,0,0,0.058406163989217,0,0.0181484342224481,0,0,1,40133196001,40133196001,1379,AZ,Maricopa County,0.166787527193619,0.061638868745468,0.023285899094437,84266,0.592378752886836,0.24075416968818,0.131254532269761,-1,0.645733,ED,106.137860082305,"Phoenix--Mesa, AZ",Tempe,AZ Congressional District 9,Desert,2135.55757565433,1,0.058561278423125,-1,11.5,13.1,9.9,33.3,25.1,0.618853742561854,0.347047557041302,0.280870040448411,90.0476643728663,77.0743051389794,929027.16015625,3854.79243456066
27,040133196004,Block Group 4,17.2215449720502,17.2215452223191,,,,,,,,,,,,0.785703388517585,0.0266263450269401,0.0738793318147063,0,0,0.0608676085450479,2.82266477693074e-05,0.052895099447951,0,0,1,40133196004,40133196004,1569,AZ,Maricopa County,0.647546207775653,0.453792224346718,0,40662,0.185045317220544,0.052899936265137,0.103250478011472,-1,0.648398,ED,106.307692307692,"Phoenix--Mesa, AZ",Tempe,AZ Congressional District 9,Desert,2419.81005493539,1,0.070090746732717,-1,11.5,13.1,9.9,33.3,25.1,0.618853742561854,0.347047557041302,0.407097341252068,82.7349436325888,77.0743051389794,932859.88671875,3866.15278457398
28,040133197031,Block Group 1,9.02480506398413,8.93581235876874,274,591611.35,121037.8,10321.48,5575.70000000001,475.13,1754.4,117.09,2123,412.81,1005.32,0.309717507786824,0.562140198628732,0.0685655704251436,0,0,0,0,0.0489235836682055,0,0.0106531394910946,1,40133197031,40133197031,2004,AZ,Maricopa County,0.570501474926254,0.572355289421158,0.098425196850394,33750,0.497757847533632,0.24251497005988,0.089820359281437,-1,1.711129,ED,96.4416382901704,"Phoenix--Mesa, AZ",Tempe,AZ Congressional District 9,Desert,1171.15658725906,1.2,0.137059345028925,-1,12.5,13.2,10.1,32.9,24.9,0.60269339179455,0.372057848006301,0.362353391182915,69.9496157306923,77.0743051389794,2436242.46484375,6529.34549501091
29,040133197033,Block Group 3,9.78164022277386,9.77760743055161,51,144491.61,30345.7,2587.8,840,71.62,336.9,22.57,407.6,79.25,173.41,0.877379518892677,0.0937074787959395,0,0,0,0,0,0.0230281556286485,0,0.00588484668273531,1,40133197033,40133197033,1588,AZ,Maricopa County,0.304785894206549,0.43639798488665,0.025974025974026,52569,0.303776683087028,0.087531486146096,0.145465994962217,-1,0.714303,ED,95.5083616269736,"Phoenix--Mesa, AZ",Tempe,AZ Congressional District 9,Desert,2223.14619986196,1,0.096416296725619,-1,12.5,13.2,10.1,32.9,24.9,0.60269339179455,0.372057848006301,0.220936743163331,87.1107560945567,77.0743051389794,1025772.18359375,5481.42907196538
30,040133197041,Block Group 1,7.86265384961817,7.85714151418942,1428,3220218.97000002,682016.400000002,58159.7000000002,23287.4999999999,1985.39000000001,7074.49999999998,473.349999999999,8562.69999999995,1664.28999999999,4123.09999999999,0.0453143822876593,0.102104390449723,0.108150884950426,0.565169210649703,0,0.00618519177173412,0.0186907920893954,0.15438514780136,0,0,1,40133197041,40133197041,1748,AZ,Maricopa County,0.258581235697941,0.530320366132723,0.019884009942005,67273,0.249463902787705,0.115560640732265,0.084096109839817,-1,7.856984,ED,95.3508708581138,"Phoenix--Mesa, AZ",Tempe,AZ Congressional District 9,Desert,222.47722535772,1.2,0.145931838476443,-1,9.6,13.7,9.9,33.2,26.8,0.671265267773254,0.342632754878192,0.215282037571204,80.9906662064849,77.0743051389794,11318623.5820313,15719.5070072376
31,040133198001,Block Group 1,14.081193573805,14.0811930554716,,,,,,,,,,,,0.929079622658018,0.0709203773419821,0,0,0,0,0,0,0,0,1,40133198001,40133198001,1507,AZ,Maricopa County,0.490378234903782,0.541473125414731,0.018595041322314,41521,0.424385633270321,0.250165892501659,0.04777704047777,-1,0.304827,ED,106.778614457831,"Phoenix--Mesa, AZ",Tempe,AZ Congressional District 9,Desert,4943.78778782719,0.8,0.060277600081358,-1,11.4,15.5,10.6,31.4,24.1,0.540479173191356,0.415618966788017,0.435578471993227,84.1133836588671,77.0743051389794,438326.97265625,3127.14326580574
32,040133198002,Block Group 2,12.349270205851,12.3492726217031,,,,,,,,,,,,0.297026674627024,0,0,0.702973325372976,0,0,0,0,0,0,1,40133198002,40133198002,458,AZ,Maricopa County,0.203056768558952,0.117903930131004,0.278571428571429,40949,0.09047619047619,0.08296943231441,0,-1,0.312265,ED,106.066951566952,"Phoenix--Mesa, AZ",Tempe,AZ Congressional District 9,Desert,1466.70296062639,1.2,0.134314444462236,-1,11.4,15.5,10.6,31.4,24.1,0.540479173191356,0.415618966788017,0.432486191842659,64.8517251392731,77.0743051389794,449035.6640625,2885.96457759237
33,040133199021,Block Group 1,11.5963492178549,11.5963489771765,46,58082.6,9395.7,801.33,428.9,36.64,159.9,10.75,194.2,37.69,85.0900000000001,0.792587949575051,0.207412050424949,0,0,0,0,0,0,0,0,1,40133199021,40133199021,1562,AZ,Maricopa County,0.25016501650165,0.400128040973111,0.025842696629213,67422,0.395889186773905,0.148527528809219,0.135083226632522,-1,0.636628,ED,107.266759776536,"Phoenix--Mesa, AZ",Tempe,AZ Congressional District 9,Desert,2453.55215290562,1,0.089510986007527,-1,10.9,11.1,9.3,34.9,24.5,0.638333855308487,0.266590056684539,0.349316736507268,81.0807122364028,77.0743051389794,915331.04296875,3822.32133353184
34,040133199022,Block Group 2,9.19812419306054,9.19812422977497,1953,3874396.06,638287.200000002,54430.41,34294.2999999999,2923.38,9014.40000000006,603.739999999994,10924.3999999999,2121.00999999998,5645.93999999999,0.201372993820393,0.0410014103490272,0,0.406591046728677,0.00683169763800776,0.0175760640322744,0,0.284528519743482,0,0.0420982676881384,1,40133199022,40133199022,1357,AZ,Maricopa County,0.204048582995951,0.572586588061901,0.033333333333333,73250,0.689912826899128,0.17243920412675,0.23581429624171,-1,1.903052,ED,106.182045454545,"Phoenix--Mesa, AZ",Tempe,AZ Congressional District 9,Desert,713.065118556929,1.2,0.12285284900255,-1,10.9,11.1,9.3,34.9,24.5,0.638333855308487,0.266590056684539,0.378138098039153,71.8910440120108,77.0743051389794,2813733.62890625,7530.34888804096
35,040133199031,Block Group 1,22.2692561863849,22.2692556817082,,,,,,,,,,,,0.716001173597756,0.0566667061675163,0.0640029320706581,0,0,0,0,0.0024933552109338,0,0.160835832953136,1,40133199031,40133199031,2356,AZ,Maricopa County,0.162890123984609,0.314940577249576,0.01972010178117,72750,0.389970501474926,0.140916808149406,0.139643463497453,-1,0.530171,ED,105.584277620397,"Phoenix--Mesa, AZ",Tempe,AZ Congressional District 9,Desert,4443.84924863865,0.8,0,-1,9.5,10.7,9.2,38.2,29.8,0.889398684622612,0.292864894313305,0.295404446566995,100,77.0743051389794,924723.70703125,3750.45588616458
36,040133199032,Block Group 2,12.6178768159703,12.6178771618409,144,232543.63,47297.4,4033.33999999999,1955.3,166.45,551.2,36.75,667.6,129.53,333.189999999999,0.623277806285853,0.10283762875648,0.0250025625095559,0,0,0.109689949449083,0.000106597357832987,0.139085455641196,0,0,1,40133199032,40133199032,1283,AZ,Maricopa County,0.09742790335152,0.380358534684334,0,72604,0.379569892473118,0.182385035074045,0.092751363990647,-1,0.687503,ED,107.080080753701,"Phoenix--Mesa, AZ",Tempe,AZ Congressional District 9,Desert,1866.17367487851,1.2,0.120627168172357,-1,9.5,10.7,9.2,38.2,29.8,0.889398684622612,0.292864894313305,0.3024143256329,77.9272451215966,77.0743051389794,988308.79296875,4089.11643896361
37,040133199033,Block Group 3,11.3628459871671,11.3628457810893,4,6290.8,602,51.33,35,2.97,19.9,1.31,24,4.64,8.95,0.628486239189672,0.0853493484035342,0,0.00693343096460768,5.05443615032593e-05,0.163560973005936,0,0.115619464074747,0,0,1,40133199033,40133199033,964,AZ,Maricopa County,0.145228215767635,0.211618257261411,0.047531992687386,117159,0.645051194539249,0.265560165975104,0.12655601659751,-1,0.683166,ED,106.531578947368,"Phoenix--Mesa, AZ",Tempe,AZ Congressional District 9,Desert,1411.07724916053,1.2,0.120370276038327,-1,9.5,10.7,9.2,38.2,29.8,0.889398684622612,0.292864894313305,0.317400510737875,76.882763002771,77.0743051389794,982074.66796875,4079.44010370558
38,040133199034,Block Group 4,20.4371860295686,20.4371845585315,8,20928.45,2640.5,225.17,157.5,13.43,67.5,4.52,81.9,15.9,33.85,0.793780042827954,0.084651315213633,0,0,0.00659817902889189,0,0,0.00120146661394308,0,0.113768996315577,1,40133199034,40133199034,1828,AZ,Maricopa County,0.103391684901532,0.508752735229759,0.028248587570621,70982,0.932346723044398,0.316192560175055,0.166301969365427,-1,0.588943,ED,106.111338797814,"Phoenix--Mesa, AZ",Tempe,AZ Congressional District 9,Desert,3103.86573912925,1,0.049394338671145,-1,9.5,10.7,9.2,38.2,29.8,0.889398684622612,0.292864894313305,0.361861285396767,89.1849546627236,77.0743051389794,946664.26171875,4144.67028784211
39,040133199041,Block Group 1,11.9030085987257,11.9030082126564,317,430322.449999999,70573.8,6018.3,3488.4,297.53,1212.6,81,1469.7,285.57,664.159999999999,0.875641415910457,0.113628407467766,0,0,0,0,0,0.0107301766217761,0,0,1,40133199041,40133199041,2629,AZ,Maricopa County,0.121445042275173,0.348801825789273,0.054133138258961,79563,0.566746126340882,0.123240775960441,0.238493723849372,-1,1.130515,ED,107.458530805687,"Phoenix--Mesa, AZ",Tempe,AZ Congressional District 9,Desert,2325.48882588909,1,0.103864389238533,-1,10.3,10.8,9.2,36.5,29.1,0.825555903538991,0.291879884276706,0.34923336434113,78.0521771048121,77.0743051389794,1625260.09765625,6127.34085705971
40,040133199042,Block Group 2,11.7308440518578,10.8483111760582,118,326142.88,60589.7,5166.8,2433.7,207.59,963.3,64.45,1167.5,226.91,498.8,0.956803527012907,0.0431964729870928,0,0,0,0,0,0,0,0,1,40133199042,40133199042,1230,AZ,Maricopa County,0.073983739837398,0.308130081300813,0.1101152368758,86613,0.455621301775148,0.209756097560976,0.103252032520325,-1,0.649674,ED,107.410540915395,"Phoenix--Mesa, AZ",Tempe,AZ Congressional District 9,Desert,1893.25723362794,1.2,0.124307452660873,-1,10.3,10.8,9.2,36.5,29.1,0.825555903538991,0.291879884276706,0.359520674567599,72.9585432053479,77.0743051389794,925526.28515625,3947.33799274209
41,040133199043,Block Group 3,10.1065444988087,9.55144480555842,230,445816.789999999,71896.4,6130.94999999999,3408.1,290.31,1195.2,79.8199999999999,1447.4,281.24,651.789999999999,0.777801030651645,0.0858947179610235,0,0,0,0.0272582058871421,0,0.109046045500189,0,0,1,40133199043,40133199043,1524,AZ,Maricopa County,0.14501312335958,0.351049868766404,0.017241379310345,67216,0.54251012145749,0.205380577427822,0.146325459317585,-1,0.806665,ED,106.619889502762,"Phoenix--Mesa, AZ",Tempe,AZ Congressional District 9,Desert,1889.26010177707,1.2,0.125754433376928,-1,10.3,10.8,9.2,36.5,29.1,0.825555903538991,0.291879884276706,0.319396898585701,75.6968231538182,77.0743051389794,1167724.8515625,5529.1375639364
42,040133199051,Block Group 1,11.0379182155461,11.0379191680486,13,27405.38,5419.6,462.16,66.8,5.71,80,5.29,96.7,18.72,29.79,0.847105055835413,0.112353762406825,7.35540553512011e-05,0,0,0,0,0.0404676277024104,0,0,1,40133199051,40133199051,1877,AZ,Maricopa County,0.359083644112946,0.204049014384656,0.132456140350877,52222,0.334044065387349,0.164624400639318,0.085775173148641,-1,0.629464,ED,106.698708751793,"Phoenix--Mesa, AZ",Tempe,AZ Congressional District 9,Desert,2981.90206270732,1,0.095534613575995,-1,12.4,12.4,10,33.7,26.9,0.686626996554964,0.3687625231748,0.40446486117498,76.6196721795106,77.0743051389794,904725.9453125,3789.45270051933
43,040133199053,Block Group 3,11.9162297602836,11.9162308277047,50,62789.25,11003.1,938.29,267.8,22.72,178.7,11.87,216.9,42.19,76.88,0.756807497423577,0.166988367683134,0,0,0,0,0,0.055055301640971,0,0.0211488332523183,1,40133199053,40133199053,1344,AZ,Maricopa County,0.169642857142857,0.466517857142857,0.052934407364787,88320,0.363083164300203,0.18452380952381,0.081845238095238,-1,0.677923,ED,107.360589812332,"Phoenix--Mesa, AZ",Tempe,AZ Congressional District 9,Desert,1982.52603909294,1.2,0.12666650932333,-1,12.4,12.4,10,33.7,26.9,0.686626996554964,0.3687625231748,0.378625959388352,70.9810805571672,77.0743051389794,974206.29296875,4163.26457282642
44,040133190001,Block Group 1,23.3191123572078,23.3191110529353,78,188566.34,42395,3615.18,1373.9,117.08,449.2,30.03,544.8,105.84,253,0.736011097970397,0.15633593523649,0.0994114143767028,0,0,0.00573313786020217,0,0.00250841455620778,0,0,1,40133190001,40133190001,3126,AZ,Maricopa County,0.795662100456621,0.374280230326296,0.142333088774762,18676,0.025590551181102,0.018234165067178,0.006717850287908,-1,0.635544,ED,105.953438395415,"Phoenix--Mesa, AZ",Tempe,AZ Congressional District 9,Desert,4918.62089800234,0.8,0,-1,8.6,20.7,12.4,28.3,21.3,0.374913874099593,0.539250899617044,0.524217103314235,100,77.0743051389794,914563.9453125,4645.36052862121
45,040133190002,Block Group 2,17.4232462049173,17.4232468863857,340,679745.109999997,145026.099999999,12367.06,5615.29999999999,478.670000000002,1992.6,133.53,2412.00000000001,468.510000000001,1080.37,0.528343750167832,0.0357078691705005,0,0,0,0.173062092819513,0,0.262886287842154,0,0,1,40133190002,40133190002,1064,AZ,Maricopa County,0.370300751879699,0.181390977443609,0.014388489208633,65707,0.235772357723577,0.112781954887218,0.078007518796992,-1,0.66093,ED,105.709302325581,"Phoenix--Mesa, AZ",Tempe,AZ Congressional District 9,Desert,1609.85278319943,1.2,0.079527937905678,-1,8.6,20.7,12.4,28.3,21.3,0.374913874099593,0.539250899617044,0.341455253606435,83.5690539942666,77.0743051389794,951011.41796875,5386.80239898239
46,040133191011,Block Group 1,7.27253909313748,7.2725393088691,37,59364.29,8532.3,727.55,374.8,31.99,103.8,6.94,125.7,24.41,63.37,0.269089287803108,0.0799953565213873,0.567320817158142,0,0,0.083594538517363,0,0,0,0,1,40133191011,40133191011,2270,AZ,Maricopa County,0.845298281092012,0.604845814977974,0.083180987202925,13144,0.02622061482821,0.025550660792951,0,-1,0.236911,ED,106.442592592593,"Phoenix--Mesa, AZ",Tempe,AZ Congressional District 9,Desert,9581.6572468142,0.5,0.055870453461426,-1,12.2,20.5,11.3,21.4,17.2,0.075180081428124,0.457916805618246,0.532525927392362,81.9975339209086,77.0743051389794,340945.48828125,2884.9758056752
47,040133191012,Block Group 2,9.66169598520442,9.66169592047548,,,,,,,,,,,,1,0,0,0,0,0,0,0,0,0,1,40133191012,40133191012,1231,AZ,Maricopa County,0.868399675060926,0.642567018683997,0.039073806078148,21250,0.091312056737589,0.083671811535337,0,-1,0.093743,ED,107.257425742574,"Phoenix--Mesa, AZ",Tempe,AZ Congressional District 9,Desert,13131.6471629882,0.5,0.042346895234844,-1,12.2,20.5,11.3,21.4,17.2,0.075180081428124,0.457916805618246,0.531876603534199,86.3717055294956,77.0743051389794,134913.11328125,1578.74910214346
48,040133193001,Block Group 1,7.21727830241389,7.00620007573844,388,680397.31,147053.400000001,12540.17,6907.79999999999,589.279999999999,1551.9,103.53,1874.6,364.700000000001,1057.44,0.793738027589626,0.0134587020894756,0.124288395319514,0.04043827721571,0,0,0,0.0280765977856748,0,0,1,40133193001,40133193001,2833,AZ,Maricopa County,0.744235544519333,0.520296505471232,0.13769123783032,25000,0.361364728495915,0.130956583127427,0.134486410165902,-1,1.093172,ED,106.722945484133,"Phoenix--Mesa, AZ",Tempe,AZ Congressional District 9,Desert,2591.54094689582,1,0.112100200151486,-1,18.3,20.9,12.7,23,18.2,0.146273097400564,0.658154116044678,0.587086305509905,60.1785210249504,77.0743051389794,1527852.01953125,6240.99941791697
49,040133194012,Block Group 2,11.5605064594892,11.5605065099928,157,339961.63,62942.8,5367.39,3577.9,304.89,786.900000000001,52.4800000000001,952.6,184.92,542.58,0.793434817991963,0,0.115763639206001,0,0,0.0390479464956812,0,0.0517535963063546,0,0,1,40133194012,40133194012,2318,AZ,Maricopa County,0.309749784296808,0.315789473684211,0.133878064110622,62040,0.505194805194805,0.142795513373598,0.192838654012079,-1,0.728093,ED,106.860074626866,"Phoenix--Mesa, AZ",Tempe,AZ Congressional District 9,Desert,3183.65923034557,1,0.099730322912046,-1,10.8,13.3,10.1,33.9,26.5,0.678578139680551,0.365940617648005,0.427424911911329,74.2073417537522,77.0743051389794,1047177.03515625,4373.56724579622
50,040133194013,Block Group 3,11.7839082456046,11.7839090165603,97,127225.32,22595.2,1927.04,1140.9,97.1299999999999,273.8,18.3,332,64.59,180.15,0.913578441912327,0.0862823888859193,0.000139169201753976,0,0,0,0,0,0,0,1,40133194013,40133194013,1612,AZ,Maricopa County,0.487593052109181,0.40818858560794,0,51714,0.445739910313901,0.130272952853598,0.178039702233251,-1,0.586425,ED,106.706790123457,"Phoenix--Mesa, AZ",Tempe,AZ Congressional District 9,Desert,2748.8596154666,1,0.107015816174276,-1,10.8,13.3,10.1,33.9,26.5,0.678578139680551,0.365940617648005,0.392031558477509,74.6149487353004,77.0743051389794,843418.65625,4251.87377197591
51,040133194014,Block Group 4,10.9494222469743,10.9494221576855,105,237432.03,35781.2,3051.44,1860.4,158.63,558.3,37.36,678.099999999999,131.72,327.8,0.798450262791531,0.0225520428026477,0.0872688180719125,0,0,0.0239077917295481,0,0.0678210846043604,0,0,1,40133194014,40133194014,1434,AZ,Maricopa County,0.310320781032078,0.351464435146443,0.075294117647059,82115,0.59866220735786,0.199442119944212,0.175034867503487,-1,0.783098,ED,106.971687429219,"Phoenix--Mesa, AZ",Tempe,AZ Congressional District 9,Desert,1831.18843363155,1.2,0.136615902479639,-1,10.8,13.3,10.1,33.9,26.5,0.678578139680551,0.365940617648005,0.405678494437274,66.4654649850146,77.0743051389794,1126123.56640625,5929.00085092366
52,040133194015,Block Group 5,10.9059749193404,10.9059759559077,16,40440.17,5932.1,505.87,254,21.66,134,8.96,162.4,31.61,62.26,0.219129026178685,0,0.780870973821315,0,0,0,0,0,0,0,1,40133194015,40133194015,963,AZ,Maricopa County,0.208562019758507,0.372793354101765,0,54013,0.463525835866261,0.268951194184839,0.047767393561786,-1,0.416749,ED,106.071115973742,"Phoenix--Mesa, AZ",Tempe,AZ Congressional District 9,Desert,2310.74339710473,1,0.099996280734927,-1,10.8,13.3,10.1,33.9,26.5,0.678578139680551,0.365940617648005,0.325477594135077,80.3069042757125,77.0743051389794,599260.41796875,3538.15488040579
53,040133194021,Block Group 1,11.8405677660072,11.8405677170193,181,396308.579999999,69902.1,5960.85999999999,3006.5,256.12,1108.6,73.8999999999998,1342.2,260.58,591.099999999999,0.835309657381951,0.116164489983549,4.98905338464849e-05,0,0,0.0205513476497307,0,0.027924614450923,0,0,1,40133194021,40133194021,1808,AZ,Maricopa County,0.222898230088495,0.217920353982301,0.010934393638171,71890,0.515507124895222,0.148783185840708,0.191371681415929,-1,1.347388,ED,107.424680564896,"Phoenix--Mesa, AZ",Tempe,AZ Congressional District 9,Desert,1341.85550116225,1.2,0.132223858309559,-1,11.2,12,9.7,34.5,27.3,0.718947698089571,0.332686891846423,0.322550537507437,74.1942406242179,77.0743051389794,1937876.5,5919.0811566351
54,040133194022,Block Group 2,11.1336121053173,11.0060989523656,193,483153.979999999,73888.7,6300.87,3227.4,275.16,1181.2,78.7899999999998,1429.6,277.6,631.709999999999,0.78700095131267,0.160040333071017,0,0,0,0.0217233300567471,0,0.031235385559566,0,0,1,40133194022,40133194022,2052,AZ,Maricopa County,0.230581338544211,0.205653021442495,0.071314102564103,77179,0.491279069767442,0.183723196881092,0.145711500974659,-1,1.274138,ED,107.076319543509,"Phoenix--Mesa, AZ",Tempe,AZ Congressional District 9,Desert,1610.5005894181,1.2,0.130528121757612,-1,11.2,12,9.7,34.5,27.3,0.718947698089571,0.332686891846423,0.351883324748148,72.2085105322312,77.0743051389794,1824583.8046875,5724.41198868616
55,040133194031,Block Group 1,11.7301123432558,11.7301146035625,15,23461.09,2331.6,198.82,207.2,17.64,59.3,3.97,71.7,13.97,35.58,0.904737569794558,0.0208917091598335,0.074370721045608,0,0,0,0,0,0,0,1,40133194031,40133194031,1581,AZ,Maricopa County,0.565464895635674,0.578115117014548,0.063420158550396,36394,0.394179894179894,0.234661606578115,0.048070841239722,-1,0.366988,ED,107.665071770335,"Phoenix--Mesa, AZ",Tempe,AZ Congressional District 9,Desert,4308.04276979084,0.8,0.081532802162469,-1,13.3,14.1,10.6,32.1,25.3,0.596179141872847,0.429820263114004,0.495673967603934,75.5466971234691,77.0743051389794,527992.8203125,3124.65532867893
56,040133194032,Block Group 2,11.3174027803974,11.3174023458643,111,166372.66,22604.8,1927.67,1246.9,106.24,537.6,35.95,650,126.36,268.58,0.885405417819538,0.0532153016966515,0.0613792804838108,0,0,0,0,0,0,0,1,40133194032,40133194032,1025,AZ,Maricopa County,0.297536945812808,0.105365853658536,0,67778,0.901669758812616,0.141463414634146,0.332682926829268,-1,1.021971,ED,105.989389920424,"Phoenix--Mesa, AZ",Tempe,AZ Congressional District 9,Desert,1002.96388057978,1.2,0.108871758591976,-1,13.3,14.1,10.6,32.1,25.3,0.596179141872847,0.429820263114004,0.328847552793025,78.3369850193047,77.0743051389794,1476195.07421875,4868.94513867846
57,040133194033,Block Group 3,8.90707101551076,8.90707114557872,,,,,,,,,,,,0.485317292421602,0.0331272913891381,0.144624987143854,0,0,0.177884101924317,0,0.159046327121088,0,0,1,40133194033,40133194033,1261,AZ,Maricopa County,0.471054718477399,0.401268834258525,0.152057245080501,74783,0.639791937581274,0.285487708168121,0.104678826328311,-1,0.634683,ED,106.798036465638,"Phoenix--Mesa, AZ",Tempe,AZ Congressional District 9,Desert,1986.8186165377,1.2,0.14168638517181,-1,13.3,14.1,10.6,32.1,25.3,0.596179141872847,0.429820263114004,0.501540560485637,57.0024976445343,77.0743051389794,914574.33203125,3831.24885578961
58,040133194041,Block Group 1,10.7309371304105,10.5081806739059,260,482724.379999999,94604.8999999999,8067.6,3699.4,315.19,1375.2,91.8600000000002,1664.9,323.400000000001,730.56,0.860494150840867,0.10972651902135,0.000636705588819512,0,0,0,0,0.0291426245489633,0,0,1,40133194041,40133194041,1810,AZ,Maricopa County,0.207756232686981,0.251933701657458,0.045745654162854,76641,0.41185647425897,0.153591160220994,0.138121546961326,-1,0.980607,ED,107.400900900901,"Phoenix--Mesa, AZ",Tempe,AZ Congressional District 9,Desert,1845.79551237142,1.2,0.134605667713977,-1,12.2,10,8.9,36.1,24,0.651331036642656,0.245226658364908,0.325822380059713,73.4629094617009,77.0743051389794,1382952.515625,5629.53185936337
59,040133194042,Block Group 2,9.39863347168993,8.61913382383425,163,169294.12,29063.7,2478.41,1745.8,148.68,507.5,33.9500000000001,616.8,119.62,302.3,0.894220382874645,0.0581383489235928,0,0,0,0,0,0.047641268201762,0,0,1,40133194042,40133194042,1872,AZ,Maricopa County,0.225863077823288,0.209935897435897,0.046008119079838,62292,1.22064056939502,0.086538461538461,0.463141025641026,-1,1.065331,ED,106.904761904762,"Phoenix--Mesa, AZ",Tempe,AZ Congressional District 9,Desert,1757.20034430614,1.2,0.131166351115287,-1,12.2,10,8.9,36.1,24,0.651331036642656,0.245226658364908,0.361191572300664,71.3338682080358,77.0743051389794,1409534.23046875,5178.36978546312
60,040133195001,Block Group 1,12.6334385248336,12.6334377737662,37,103769.87,23232.5,1981.19,1024.4,87.37,230,15.37,278.7,54.17,156.93,0.725809374741782,0.134673725921902,0.139516899336316,0,0,0,0,0,0,0,1,40133195001,40133195001,1762,AZ,Maricopa County,0.297591743119266,0.323496027241771,0.023188405797101,70427,0.357473035439137,0.164585698070374,0.098751418842225,-1,0.770454,ED,107.023644752018,"Phoenix--Mesa, AZ",Tempe,AZ Congressional District 9,Desert,2286.96327100645,1,0.099306512783372,-1,10.7,13.3,10,34.1,26.7,0.689884121515816,0.361729766395561,0.353379584818004,78.7661749182893,77.0743051389794,1108369.27734375,5314.25196790172
61,040133195002,Block Group 2,10.4833811766719,10.4833809810428,40,120589.27,17325.9,1477.5,714.8,60.97,236.2,15.78,286.5,55.66,132.43,0.732340659700825,0.216548060550545,0.0511112797486301,0,0,0,0,0,0,0,1,40133195002,40133195002,1251,AZ,Maricopa County,0.251798561151079,0.262190247801759,0.002793296089385,57596,0.752100840336134,0.106314948041567,0.322941646682654,-1,0.645857,ED,107.225352112676,"Phoenix--Mesa, AZ",Tempe,AZ Congressional District 9,Desert,1936.96127780608,1.2,0.132175171903378,-1,10.7,13.3,10,34.1,26.7,0.689884121515816,0.361729766395561,0.346680055235119,72.2739636252832,77.0743051389794,929134.9765625,4828.2332539179
62,040133195003,Block Group 3,10.2031298149922,10.2031305571983,16,29623.97,1663.6,141.83,55.5,4.77,95.9,6.41,116.2,22.59,33.84,0.770436739467494,0.0624896830189167,0.167073577513589,0,0,0,0,0,0,0,1,40133195003,40133195003,882,AZ,Maricopa County,0.768707482993197,0.465986394557823,0,36512,0.022016222479722,0.021541950113379,0,-1,0.27137,ED,105.230240549828,"Phoenix--Mesa, AZ",Tempe,AZ Congressional District 9,Desert,3250.17503777131,1,0.114671850241368,-1,10.7,13.3,10,34.1,26.7,0.689884121515816,0.361729766395561,0.410906543375338,71.4892314348951,77.0743051389794,390443.87890625,2843.53854665666
63,040133195004,Block Group 4,12.8059407717278,12.8059410583163,160,410261.42,90604.1,7726.3,2817.9,240.12,955.000000000001,63.9000000000001,1153.8,224.41,528.669999999999,0.589300712381055,0.312633836169507,0,0,0,0.0236044625562155,0,0.0744609888932232,0,0,1,40133195004,40133195004,2497,AZ,Maricopa County,0.3215859030837,0.472567080496596,0.088680605623648,52931,0.48896839594514,0.240288346015218,0.088105726872247,-1,0.888578,ED,106.490236382323,"Phoenix--Mesa, AZ",Tempe,AZ Congressional District 9,Desert,2810.10783521537,1,0.092654443391576,-1,10.7,13.3,10,34.1,26.7,0.689884121515816,0.361729766395561,0.424111466322868,76.2230955043578,77.0743051389794,1278261.8203125,5195.03710077061
64,040133196002,Block Group 2,13.877808572737,13.8778084213688,63,94654.69,18320.1,1562.17,1217.9,103.79,236.3,15.76,285.9,55.61,175.22,0.820797120002228,0.107710776633793,0.071492103363979,0,0,0,0,0,0,0,1,40133196002,40133196002,1429,AZ,Maricopa County,0.447165850244926,0.237928621413576,0.041333333333333,58487,0.642528735632184,0.186843946815955,0.204338698390483,-1,0.642014,ED,107.78463648834,"Phoenix--Mesa, AZ",Tempe,AZ Congressional District 9,Desert,2225.80815994667,1,0.093080680483603,-1,11.5,13.1,9.9,33.3,25.1,0.618853742561854,0.347047557041302,0.401119379780473,77.4086469626103,77.0743051389794,923526.87890625,3843.88211887759
65,040138100001,Block Group 1,9.55242481534336,9.2438378264028,160,453251.83,82764.7,7057.74,3137.4,267.6,1241.1,82.91,1502,292,642.55,0.377736172248579,0.103491795282358,0.0105050220945776,0.396408497224579,0,0.0135055237589481,0,0.0963184927424586,0,0.00203449664849902,1,40138100001,40138100001,2517,AZ,Maricopa County,0.130711164084227,0.391338895510528,0.036024016010674,108231,0.384488448844884,0.22248708780294,0.055224473579658,-1,2.817631,ED,105.847555129434,"Phoenix--Mesa, AZ",Tempe,AZ Congressional District 9,Desert,893.303629893339,1.2,0.119842371126666,-1,9,10.1,9,36.2,29.9,0.844080801753836,0.24972200338314,0.308788017135474,77.6086705703867,77.0743051389794,3868338.53515625,12077.7134477129
66,040138101001,Block Group 1,16.2661642431975,16.2620732231733,429,1427624.26,290008.2,24730.48,9861.5,840.89,3126.6,208.93,3783.3,735.65,1785.37,0.79123839231238,0.06565718864095,0,0,0,0.0238390367804409,0,0.108797395330337,0,0.0104679869358923,1,40138101001,40138101001,1966,AZ,Maricopa County,0.09206510681587,0.229908443540183,0.012658227848101,156935,0.521671826625387,0.225839267548321,0.116988809766022,-1,1.368121,ED,105.987812911726,"Phoenix--Mesa, AZ",Tempe,AZ Congressional District 9,Desert,1437.00739919934,1.2,0.034219034719882,-1,9.5,9.3,9,38.7,31.5,0.956373316630128,0.268566573304689,0.271418946445523,94.3802504336352,77.0743051389794,1960575.53515625,6209.26166760532
67,040138101002,Block Group 2,17.5177970651123,17.3617555473645,12,30660.31,5923.2,505.08,431.2,36.77,80.9,5.37,97.8,18.99,61.15,0.989680499915608,0,0,9.3284401429134e-06,0,0,0,0.00356593437446422,0,0.00674423726978543,1,40138101002,40138101002,1511,AZ,Maricopa County,0.047491638795987,0.333553937789543,0.030573248407643,82460,0.693946188340807,0.200529450694904,0.209133024487095,-1,0.822414,ED,105.425274725275,"Phoenix--Mesa, AZ",Tempe,AZ Congressional District 9,Desert,1837.27417091635,1.2,0.034134292460975,-1,9.5,9.3,9,38.7,31.5,0.956373316630128,0.268566573304689,0.294527020681033,93.9168980217121,77.0743051389794,1156980.6015625,5061.02771246192
68,040138101003,Block Group 3,17.8096409334504,17.8016854671952,122,371466.04,73557.1,6272.64,2963.9,252.7,1019.4,68.14,1234.1,239.82,560.73,0.77107591862517,0.0683647585544031,8.17138469656001e-05,1.19129401517378e-05,0,0.0773381918980556,0,0.083127504135254,0,0,1,40138101003,40138101003,1502,AZ,Maricopa County,0.073901464713715,0.227696404793609,0.026448362720403,125446,0.639737991266376,0.187083888149134,0.20306258322237,-1,1.604216,ED,105.675802879291,"Phoenix--Mesa, AZ",Tempe,AZ Congressional District 9,Desert,936.282894572801,1.2,0.056828307409975,-1,9.5,9.3,9,38.7,31.5,0.956373316630128,0.268566573304689,0.278369785893751,90.4281504411392,77.0743051389794,2335244.921875,7067.27487987049
69,040138101004,Block Group 4,21.6604345213643,21.6589412105982,204,450554.099999999,83244.6,7098.89,2516.1,214.51,1216.8,81.39,1474.8,286.52,582.449999999999,0.888514824986046,0.0829613773936286,0,0.000241628709320719,0,0,0,0.028282168911005,0,0,1,40138101004,40138101004,1727,AZ,Maricopa County,0.077012159814708,0.251302837290098,0.042435424354244,106031,0.714995034756703,0.204400694846555,0.212507237984945,-1,1.341236,ED,105.965993265993,"Phoenix--Mesa, AZ",Tempe,AZ Congressional District 9,Desert,1287.61828641641,1.2,0.027788905159122,-1,9.5,9.3,9,38.7,31.5,0.956373316630128,0.268566573304689,0.300915999379196,94.9402883941879,77.0743051389794,1898578.5234375,5920.53152772091
70,040138104001,Block Group 1,17.62978473649,,,,,,,,,,,,,0.0541541982042751,0,0,0.945845801795725,0,0,0,0,0,0,1,40138104001,40138104001,834,AZ,Maricopa County,0.027912621359223,0.449640287769784,0.013966480446927,132176,1.06947890818859,0.362110311750599,0.154676258992806,-1,0.697582,ED,105.683568677792,"Phoenix--Mesa, AZ",Chandler,AZ Congressional District 9,Desert,1195.5583716323,1.2,0.040681611624153,-1,10,11.4,9.3,35.6,28.4,0.759534764826176,0.425379737216609,0.282547890954116,92.5933726257808,79.275770984262,54921.49609375,2897.07734369176
71,040133190003,Block Group 3,24.2491539472991,24.2491561438985,97,179310.07,42950.8,3662.58,1363.5,116.11,655.599999999999,43.74,794.3,154.31,314.25,0.613624549248745,0,0.344378282403123,0,0.0079012172605387,0,0,0.0340959510875933,0,0,1,40133190003,40133190003,564,AZ,Maricopa County,0.310283687943262,0.095744680851064,0.057142857142857,86023,0.192389006342495,0.074468085106383,0.086879432624113,-1,0.34105,ED,105.472513089005,"Phoenix--Mesa, AZ",Tempe,AZ Congressional District 9,Desert,1653.7164638616,1.2,0.051274006743879,-1,8.6,20.7,12.4,28.3,21.3,0.374913874099593,0.539250899617044,0.334722482494257,89.6153661677388,77.0743051389794,490840.28125,3624.91276860962
72,040133190004,Block Group 4,13.6347179069889,,,,,,,,,,,,,0.0273528006791945,0.00538884364629364,0.0851912858488516,0,0.0117769426829684,0.591164334729247,0.112337637741335,0.16678815467211,0,0,1,40133190004,40133190004,4153,AZ,Maricopa County,0,0.40765711533831,0.184059633027523,0,0.011693057247259,0.011557909944618,0,-1,0.951216,ED,105.896786757546,"Phoenix--Mesa, AZ",Tempe,AZ Congressional District 9,Desert,4365.99047955459,0.8,0.049186430842206,-1,8.6,20.7,12.4,28.3,21.3,0.374913874099593,0.539250899617044,0.403317452537709,87.9966803190749,77.0743051389794,1368986.61328125,4822.33367804617
73,040133191044,Block Group 4,8.25288469021769,,,,,,,,,,,,,0.475939425675856,0.502546682453129,0,0.0215138918710149,0,0,0,0,0,0,1,40133191044,40133191044,1059,AZ,Maricopa County,0.836638338054769,0.763928234183192,0.15234375,20378,0.099688473520249,0.090651558073654,0,-1,0.212744,ED,106.220982142857,"Phoenix--Mesa, AZ",Tempe,AZ Congressional District 9,Desert,4977.81371037491,0.8,0.08701199563795,-1,10.8,17.5,11,26.4,21.6,0.338474788600063,0.420345064735454,0.595698387765919,68.6372163783778,77.0743051389794,306114.5234375,2539.63513597217
74,040133192011,Block Group 1,11.1980174342638,11.198017438988,217,412359.75,109075.6,9301.46000000001,6494.99999999999,554.18,951.099999999999,63.57,1151.3,223.4,841.330000000001,0.697014386926799,0.0859472648608922,0,0,0,0.0619037688846719,0.0125607112883191,0.142573868039317,0,0,1,40133192011,40133192011,1724,AZ,Maricopa County,0.690835266821346,0.647331786542923,0.045871559633027,32061,0.720558882235529,0.377610208816705,0.041183294663573,-1,0.383909,ED,105.758465011287,"Phoenix--Mesa, AZ",Tempe,AZ Congressional District 9,Desert,4490.64752324118,0.8,0.07565355331602,-1,14.4,19.2,11.5,23.8,19.2,0.197948637644848,0.506717678766919,0.52705752199949,75.8733849791538,77.0743051389794,552544.17578125,3474.54145340994
75,040133192013,Block Group 3,7.15490595605242,7.15490527571236,12,31043.75,9859.4,840.78,433.7,36.98,72.1,4.85,87,16.97,58.77,0.672437602664795,0,0.327041927729465,0,0,0,0.000519946074844516,5.2353089613433e-07,0,0,1,40133192013,40133192013,452,AZ,Maricopa County,0.407079646017699,0.853982300884956,0.128358208955224,0,0.486842105263158,0.073008849557522,0.254424778761062,-1,0.297401,ED,106.872670807453,"Phoenix--Mesa, AZ",Tempe,AZ Congressional District 9,Desert,1519.83349080871,1.2,0.150746567765408,-1,14.4,19.2,11.5,23.8,19.2,0.197948637644848,0.506717678766919,0.561467405152438,48.7869041692011,77.0743051389794,428001.3359375,3460.72596227158
76,040133192014,Block Group 4,14.7171989147234,14.7172006837373,,,,,,,,,,,,0.844180944246815,0.039021327578313,0.116797728174872,0,0,0,0,0,0,0,1,40133192014,40133192014,1861,AZ,Maricopa County,0.607580174927114,0.473401397098334,0.073848827106864,39667,0.343682310469314,0.227834497581945,0.027941966684578,-1,0.261115,ED,106.783687943262,"Phoenix--Mesa, AZ",Tempe,AZ Congressional District 9,Desert,7127.12789383988,0.8,0.07263389694196,-1,14.4,19.2,11.5,23.8,19.2,0.197948637644848,0.506717678766919,0.48924994326917,78.4979841763269,77.0743051389794,375814.5078125,2715.06080044676
77,040133192021,Block Group 1,7.9432779057566,,,,,,,,,,,,,0,0.0518180668124386,0.547565541602682,0.337194443680646,0.0634219479042327,0,0,0,0,0,1,40133192021,40133192021,1537,AZ,Maricopa County,0.637605725439167,0.600520494469746,0.095444685466377,20774,0.071080139372822,0.019518542615485,0.046844502277163,-1,0.672149,ED,106.982142857143,"Phoenix--Mesa, AZ",Tempe,AZ Congressional District 9,Desert,2286.69536070127,1,0.122332027571268,-1,12.6,17.4,11.1,28,23.1,0.425696836830567,0.474276340834136,0.512366108736972,62.0746483316056,77.0743051389794,967239.07421875,4904.28493732018
78,040133194034,Block Group 4,11.1633938539874,11.1633939443413,167,601149.340000001,127228.9,10849.48,3284.7,279.9,1404.6,93.78,1700.2,330.52,704.469999999999,0.57456951130106,0.0294064824687648,0.1288258697825,0,0,0.135242495787072,0,0.131955640660603,0,0,1,40133194034,40133194034,966,AZ,Maricopa County,0.306079664570231,0.260869565217391,0.061088977423639,53750,0.358649789029536,0.077639751552795,0.186335403726708,-1,0.633786,ED,106.968705547653,"Phoenix--Mesa, AZ",Tempe,AZ Congressional District 9,Desert,1524.17377474416,1.2,0.126095369730477,-1,13.3,14.1,10.6,32.1,25.3,0.596179141872847,0.429820263114004,0.377123045964113,71.2265949112161,77.0743051389794,917203.68359375,5388.18223013495
79,040133198005,Block Group 5,11.5113641901951,11.5113643821277,83,292512.93,66866.8000000001,5702.15,1728.8,147.38,589.699999999999,39.4400000000001,713.999999999999,138.79,325.48,0.549177409273869,0.0130270563306238,0.319283311484735,0,0,0.042506382242434,0,0.076005840668338,0,0,1,40133198005,40133198005,1259,AZ,Maricopa County,0.375694996028594,0.404289118347895,0.049744897959184,60833,0.33936170212766,0.111199364575059,0.142176330420969,-1,0.602049,ED,107.401639344262,"Phoenix--Mesa, AZ",Tempe,AZ Congressional District 9,Desert,2091.19191295061,1,0.106744384593281,-1,11.4,15.5,10.6,31.4,24.1,0.540479173191356,0.415618966788017,0.41150722199694,73.4214339192786,77.0743051389794,865766.65625,4593.52925693762
80,040133200014,Block Group 4,14.8044562527573,14.8044560362652,155,314173.709999999,55336.3999999999,4718.85,2539.5,216.21,896.700000000001,60.2,1088.3,211.26,487.89,0.770500190515297,0.0375193213023359,0.112159095116267,0,0,0,0,0.0798213930661005,0,0,1,40133200014,40133200014,1120,AZ,Maricopa County,0.059821428571428,0.585714285714286,0.037037037037037,71543,0.63265306122449,0.299107142857143,0.088392857142857,-1,0.354012,ED,106.380653266332,"Phoenix--Mesa, AZ",Tempe,AZ Congressional District 9,Desert,3163.73456267019,1,0.071013976927336,-1,8.7,13.1,9.8,33.9,26.5,0.678578139680551,0.311672078840485,0.362383638526396,84.4288222046543,77.0743051389794,508832.8984375,3268.05226576491
81,040133197053,Block Group 3,8.63307688417628,8.63307689101457,,,,,,,,,,,,0.901885343990726,0.0981146560092736,0,0,0,0,0,0,0,0,1,40133197053,40133197053,558,AZ,Maricopa County,0.182795698924731,0.3584229390681,0,72955,0.282758620689655,0.159498207885305,0.060931899641577,-1,0.284288,ED,106.608910891089,"Phoenix--Mesa, AZ",Tempe,AZ Congressional District 9,Desert,1962.79828905898,1.2,0.151426862899595,-1,13.7,15.6,10.8,29.3,23.8,0.479830880050109,0.450340605492864,0.329039936529092,69.8518556794882,77.0743051389794,408872.87109375,3202.10612923106
82,040133198004,Block Group 4,12.7175494528271,,,,,,,,,,,,,0.755886476771646,0,0.244113523228354,0,0,0,0,0,0,0,1,40133198004,40133198004,2374,AZ,Maricopa County,0.425863521482729,0.718197135636057,0.059240180296201,35417,0.302963776070252,0.192502106149958,0.040016849199663,-1,0.297628,ED,105.169161676647,"Phoenix--Mesa, AZ",Tempe,AZ Congressional District 9,Desert,7976.4000698859,0.8,0.079116749768167,-1,11.4,15.5,10.6,31.4,24.1,0.540479173191356,0.415618966788017,0.450881102086014,78.4156229889585,77.0743051389794,428065.0234375,2821.29381732857
83,040133184001,Block Group 1,10.2718193722343,10.0774975883548,291,485080.389999999,84386.7999999999,7196.03,4064,346.329999999999,1312.2,87.6900000000001,1588.7,308.55,742.569999999999,0.68088959202319,0,0.175316085107074,3.74409810550719e-05,0,0.0383742888018298,0.0171443146285115,0.0882382784583398,0,0,1,40133184001,40133184001,2471,AZ,Maricopa County,0.629704573047349,0.687575880210441,0.086635325721961,52623,0.456957547169811,0.254148118170781,0.059490084985836,-1,0.635617,ED,106.942477876106,"Phoenix--Mesa, AZ",Tempe,AZ Congressional District 9,Desert,3887.56122004289,1,0.101450323071913,-1,11.9,16.6,10.8,28.8,23,0.441888506107109,0.433560582298891,0.535803281312645,67.109698772213,77.0743051389794,898111.9765625,3850.50199198648
84,040133188002,Block Group 2,13.7889472983407,13.7889482498695,50,83329.58,18477.6,1575.7,1792.7,153,182.7,12.26,222.4,43.17,208.26,0.893675512593605,0.0881350465842483,0.0181894408221472,0,0,0,0,0,0,0,1,40133188002,40133188002,1835,AZ,Maricopa County,0.514986376021798,0.54550408719346,0.016535433070866,45268,0.204858831254104,0.161307901907357,0.008719346049046,-1,0.316714,ED,95.7263610315186,"Phoenix--Mesa, AZ",Tempe,AZ Congressional District 9,Desert,5793.87081088932,0.8,0.059481677475577,-1,10.8,16.7,10.6,28.5,23.4,0.447510178515503,0.408623402469186,0.277926341698707,89.9971912258594,77.0743051389794,455905.6171875,2857.33745088291
85,040133201001,Block Group 1,7.11506855699407,6.70549649150198,6674,14447655.4199998,4331096.50000008,369337.179999996,162052.299999999,13818.4999999996,28609.1000000003,1912.70999999995,34647.1,6732.86999999998,22460.7399999999,0.0963820199215618,0.156111039839796,0.206741358663953,0.0502189504505744,0.00988733584249425,0.0271535345794432,0.0142810413877401,0.426512252675453,0,0.0127124666389845,1,40133201001,40133201001,1340,AZ,Maricopa County,0.293283582089552,0.240298507462686,0.009587727708533,63138,0.138487680543755,0.064925373134328,0.056716417910448,-1,4.222637,ED,101.408624410483,"Phoenix--Mesa, AZ",Tempe,AZ Congressional District 9,Desert,317.337246843619,1.2,0.142331595161981,-1,8.7,14.2,9.9,34.8,27,0.71655183213279,0.350307181113965,0.23991652878301,79.3380867604865,77.0743051389794,5987639.55078125,13455.9924045724
86,040133200013,Block Group 3,12.2294485710949,12.2294486977282,30,70601.7,10028.8,855.22,454,38.75,143.7,9.58,173.9,33.84,82.19,0.366341211501992,0.301140020117183,0,0.323600823502497,0,0,0,0.00691223361527772,0,0.00200571126305075,1,40133200013,40133200013,2858,AZ,Maricopa County,0.38830162085976,0.579426172148355,0.081349206349206,45239,0.235090751944685,0.159202239328201,0.031140657802659,-1,0.877692,ED,105.56466395112,"Phoenix--Mesa, AZ",Tempe,AZ Congressional District 9,Desert,3256.26757450222,1,0.084263955920756,-1,8.7,13.1,9.8,33.9,26.5,0.678578139680551,0.311672078840485,0.416284403484764,78.7753258461334,77.0743051389794,1261260.96484375,4991.3585942565
87,040133200071,Block Group 1,8.08855417926042,7.64129236451775,44,45084.53,5969.2,508.95,466.8,39.79,111.7,7.48,135.4,26.44,73.74,0.644327805923564,0,0.331843487665695,0,0,0,0,0.0238287064107413,0,0,1,40133200071,40133200071,648,AZ,Maricopa County,0.021604938271605,0.399691358024691,0,52355,0.074626865671642,0,0.069444444444444,-1,0.441663,ED,103.488683127572,"Phoenix--Mesa, AZ",Tempe,AZ Congressional District 9,Desert,1467.18199169955,1.2,0.146001227179999,-1,10.2,14.2,10.1,30.2,25.8,0.566191669276542,0.347625167155756,0.235210630465723,79.2211025436355,77.0743051389794,621875.56640625,6047.28375631567
88,040133200072,Block Group 2,13.0199498423607,13.0199500079155,,,,,,,,,,,,0.895730356938932,0.104269643061068,0,0,0,0,0,0,0,0,1,40133200072,40133200072,1645,AZ,Maricopa County,0.273556231003039,0.553191489361702,0.014202172096909,49205,0.231287425149701,0.141033434650456,0.046808510638298,-1,0.393717,ED,106.834106728538,"Phoenix--Mesa, AZ",Tempe,AZ Congressional District 9,Desert,4178.12794469124,0.8,0.068696652671843,-1,10.2,14.2,10.1,30.2,25.8,0.566191669276542,0.347625167155756,0.372531218312409,84.5151395286236,77.0743051389794,566078.3046875,3054.42200397188
89,040133200074,Block Group 4,8.23017894746208,8.23017913402902,140,334640.95,60898.7,5193.23,3347.4,285.33,811.8,54.15,981.4,191.01,530.54,0.664185546077121,0,0,0,0,0.136230282650287,0,0.199584171272591,0,0,1,40133200074,40133200074,1562,AZ,Maricopa County,0.465428937259923,0.606274007682458,0.09935602575897,55521,0.227022780832679,0.104993597951344,0.080025608194622,-1,0.796562,ED,105.235195530726,"Phoenix--Mesa, AZ",Tempe,AZ Congressional District 9,Desert,1960.92708414411,1.2,0.143081342067535,-1,10.2,14.2,10.1,30.2,25.8,0.566191669276542,0.347625167155756,0.447551096216362,61.2533037679632,77.0743051389794,1145114.3828125,4951.17292663679
90,040133197032,Block Group 2,7.65045173114915,,,,,,,,,,,,,0.868249775112992,0.131750224887008,0,0,0,0,0,0,0,0,1,40133197032,40133197032,710,AZ,Maricopa County,0.269014084507042,0.166197183098591,0.259259259259259,35446,2.94444444444445,0,0.746478873239437,-1,0.327151,ED,105.345108695652,"Phoenix--Mesa, AZ",Tempe,AZ Congressional District 9,Desert,2170.25165749149,1,0.123626857322765,-1,12.5,13.2,10.1,32.9,24.9,0.60269339179455,0.372057848006301,0.587291594657963,56.0685374124377,77.0743051389794,457175.66796875,2819.93226810211
91,040133188001,Block Group 1,15.9860452872528,15.9860464500312,201,571597.569999999,82798.7999999999,7060.54000000002,4200.9,358.25,2045.8,136.91,2477.9,481.68,976.769999999999,0.430662487135571,0.0506989287149854,0.352314209446784,0,0.000208489231232981,0,0.0568598562698051,0.109256029201622,0,0,1,40133188001,40133188001,1504,AZ,Maricopa County,0.40625,0.416223404255319,0.08303886925795,33443,0.199362041467305,0.091090425531915,0.075132978723404,-1,0.319686,ED,100.633802816901,"Phoenix--Mesa, AZ",Tempe,AZ Congressional District 9,Desert,4704.61640484726,0.8,0.058918188472439,-1,10.8,16.7,10.6,28.5,23.4,0.447510178515503,0.408623402469186,0.339494663710374,87.8970459262699,77.0743051389794,460145.29296875,2885.55624451683
92,040133191031,Block Group 1,10.9790794624145,10.9790804997526,37,39046.77,7077.4,603.53,483,41.17,70.6,4.68,85.4,16.6,62.52,0.598506923394948,0.0457821737903129,0.345901571916361,0,0.0098093308983779,0,0,0,0,0,1,40133191031,40133191031,2676,AZ,Maricopa County,0.79932735426009,0.822496263079223,0.128894318875993,31012,0.0453125,0.025784753363229,0.017563527653214,-1,0.312896,ED,106.329850746269,"Phoenix--Mesa, AZ",Tempe,AZ Congressional District 9,Desert,8552.36244630804,0.5,0.027201370423399,-1,10.2,17.6,10.5,26.2,20.8,0.307813968055121,0.378045734354148,0.576427960882052,90.5126511180906,77.0743051389794,450338.7109375,2954.51407166263
93,040133191032,Block Group 2,17.1555869709364,17.1555873593098,83,191616.5,37013.7,3156.33,1860,158.6,371.1,24.73,448.3,87.23,270.61,0.702475965586354,0.00654554941640047,0.245108175726796,0,0.0458703092704495,0,0,0,0,0,1,40133191032,40133191032,823,AZ,Maricopa County,0.434892541087231,0.512758201701094,0.06516290726817,28625,0.260336906584992,0.147023086269745,0.059538274605103,-1,0.292761,ED,106.592920353982,"Phoenix--Mesa, AZ",Tempe,AZ Congressional District 9,Desert,2811.16678792599,1,0.061207435416603,-1,10.2,17.6,10.5,26.2,20.8,0.307813968055121,0.378045734354148,0.429742991364582,84.0844360037917,77.0743051389794,421322.2734375,2958.51753727651
94,040133191033,Block Group 3,12.3544232008203,12.3544227848476,39,42261.01,7101,605.58,751.2,64.04,109,7.31,132.7,25.71,97.08,0.588538407859693,0.369723626963235,0.000237386927747516,0,0,0,0,0.0415005782493237,0,0,1,40133191033,40133191033,1727,AZ,Maricopa County,0.777070063694268,0.505500868558193,0.136498516320475,24209,0.09165613147914,0.05848291835553,0.025477707006369,-1,0.351591,ED,106.189743589744,"Phoenix--Mesa, AZ",Tempe,AZ Congressional District 9,Desert,4911.95735954561,0.8,0.068380362409732,-1,10.2,17.6,10.5,26.2,20.8,0.307813968055121,0.378045734354148,0.520766047088087,78.4531837911996,77.0743051389794,506026.90625,3197.11813929532
95,040133191041,Block Group 1,10.7328629475137,10.7328628539485,,,,,,,,,,,,0.551137645216918,0,0.379259580962065,0,0,0.0696027738210168,0,0,0,0,1,40133191041,40133191041,1745,AZ,Maricopa County,0.809169054441261,0.406303724928367,0.037664783427495,16321,0.023460410557185,0.001719197707736,0.021203438395415,-1,0.336917,ED,106.655128205128,"Phoenix--Mesa, AZ",Tempe,AZ Congressional District 9,Desert,5179.31716119994,0.8,0.080610476764307,-1,10.8,17.5,11,26.4,21.6,0.338474788600063,0.420345064735454,0.459347663235828,77.5951495785542,77.0743051389794,484831.02734375,3070.81018009976
96,040133192012,Block Group 2,9.66679703487047,9.66679656536805,35,84909.06,21617.1,1843.42,536.1,45.78,159.7,10.65,192.9,37.54,93.89,0.641181027981345,0.00543649248043915,0.264046931673594,0,0.0520577987523612,0,0,0.0372777491122604,0,0,1,40133192012,40133192012,2415,AZ,Maricopa County,0.882352941176471,0.622360248447205,0.034139402560455,21902,0.342412451361868,0.241821946169772,0.013250517598344,-1,0.38249,ED,107.191666666667,"Phoenix--Mesa, AZ",Tempe,AZ Congressional District 9,Desert,6313.89055923031,0.8,0.082825171899919,-1,14.4,19.2,11.5,23.8,19.2,0.197948637644848,0.506717678766919,0.549463598755376,72.4633997559122,77.0743051389794,550461.08203125,3063.72206982799
97,040133192022,Block Group 2,10.0749773918673,10.0749771285821,48,28256.13,5258.6,448.6,598.7,51.05,43.4,2.94,53.9,10.24,64.61,0.414448750387409,0.11125250779251,0.06614582691448,0.408152914905601,0,0,0,0,0,0,1,40133192022,40133192022,1820,AZ,Maricopa County,0.543956043956044,0.366483516483516,0.00352733686067,35398,0.210911510312708,0.112637362637363,0.061538461538462,-1,0.65286,ED,105.388499298738,"Phoenix--Mesa, AZ",Tempe,AZ Congressional District 9,Desert,2787.73397052967,1,0.111435836167019,-1,12.6,17.4,11.1,28,23.1,0.425696836830567,0.474276340834136,0.38436027709092,74.0837344277012,77.0743051389794,939398.84375,4899.90565906422
98,040133197051,Block Group 1,6.85389040110177,6.85389038928909,79,146355.18,34164.9000000001,2913.4,1028.1,87.5999999999999,369.2,24.64,446.4,86.7600000000001,199.36,0.139469443553122,0.00438296743155316,0,0,0.00159403241652887,0,0,0,0.854553556598796,0,1,40133197051,40133197051,2364,AZ,Maricopa County,0.572037510656436,0.672165820642978,0.032608695652174,45865,0.586577181208054,0.312605752961083,0.057106598984772,-1,3.187137,ED,100.769111424542,"Phoenix--Mesa, AZ",Tempe,AZ Congressional District 9,Desert,741.731528955298,1.2,0.154847645394597,-1,13.7,15.6,10.8,29.3,23.8,0.479830880050109,0.450340605492864,0.417240439771004,60.90690561664,77.0743051389794,4584806,9493.00350466361
99,040133197052,Block Group 2,11.6480596840508,11.6480590556341,58,244803.87,46209.5,3940.52,1828.2,155.88,619.3,41.43,750.1,145.83,343.22,0.935196915729926,0.00376222897662133,0,0,0,0,0,0.0610408552934525,0,0,1,40133197052,40133197052,907,AZ,Maricopa County,0.417861080485116,0.351708930540242,0.034003091190108,59597,0.112883435582822,0.051819184123484,0.049614112458655,-1,0.385228,ED,105.361502347418,"Phoenix--Mesa, AZ",Tempe,AZ Congressional District 9,Desert,2354.4498323071,1,0.101278204076547,-1,13.7,15.6,10.8,29.3,23.8,0.479830880050109,0.450340605492864,0.366208031055544,77.5584472132398,77.0743051389794,554051.40234375,3195.119567504
100,040133197061,Block Group 1,9.48824187933024,9.48824134758661,62,66290.86,9318.7,794.55,879.4,74.99,146.3,9.74,177.4,34.41,119.17,0.551898229181249,0,0,0,0,0,0,0.443923327617874,0,0.00417844320087654,1,40133197061,40133197061,1546,AZ,Maricopa County,0.473302570863546,0.853816300129366,0.039035591274397,43125,0.475190839694656,0.292367399741268,0.029754204398448,-1,0.398485,ED,105.726708074534,"Phoenix--Mesa, AZ",Tempe,AZ Congressional District 9,Desert,3879.69434232154,1,0.11707780719475,-1,12,15.9,10.5,29.3,23.4,0.466927654243658,0.410032378712954,0.488368324063459,65.4035836541068,77.0743051389794,620623.7578125,3455.96565138332
101,040133197063,Block Group 3,11.5076805899255,11.5076800872991,58,81325.34,12589.2,1073.64,577.3,49.22,213.9,14.21,258.8,50.23,113.7,0.84284193593617,0.0767118590908944,0,0,0.000155594992805237,0,0,0.066105677192246,0,0.0141849327878848,1,40133197063,40133197063,2975,AZ,Maricopa County,0.490084033613445,0.591932773109244,0.064344746162928,51808,0.447688564476886,0.251764705882353,0.057478991596639,-1,0.697208,ED,103.049677419355,"Phoenix--Mesa, AZ",Tempe,AZ Congressional District 9,Desert,4267.01931131025,0.8,0.079125540728161,-1,12,15.9,10.5,29.3,23.4,0.466927654243658,0.410032378712954,0.42233927885129,79.7797177915589,77.0743051389794,1002595.0390625,4152.37980114655
102,040133200073,Block Group 3,12.6901477102209,12.6901476052074,,,,,,,,,,,,0.934015096314419,0.0300831955271384,0.0359017081584426,0,0,0,0,0,0,0,1,40133200073,40133200073,3019,AZ,Maricopa County,0.511427625041404,0.727061941040079,0.007870142646335,46684,0.353811659192825,0.227890029811196,0.033454786353097,-1,0.414019,ED,104.949891067538,"Phoenix--Mesa, AZ",Tempe,AZ Congressional District 9,Desert,7291.93587733896,0.8,0.066954125293767,-1,10.2,14.2,10.1,30.2,25.8,0.566191669276542,0.347625167155756,0.426514555633058,82.7209347258742,77.0743051389794,595267.5625,3160.41728267166
103,040133201002,Block Group 2,9.87755065259075,9.87755016430434,23,47105.67,6982.1,595.42,366.1,31.21,154.8,10.36,187.6,36.43,77.98,0.524167182607938,0.00836187115125515,0.446937650333898,0.0106771861985764,0.00985610970833253,0,0,0,0,0,1,40133201002,40133201002,1931,AZ,Maricopa County,0.414810978767478,0.298808907301916,0.027961736571008,48882,0.096536059057354,0.030554117037804,0.05748316934231,-1,0.579544,ED,106.744913928013,"Phoenix--Mesa, AZ",Tempe,AZ Congressional District 9,Desert,3331.92993111826,1,0.102995803597311,-1,8.7,14.2,9.9,34.8,27,0.71655183213279,0.350307181113965,0.353487346351434,77.9706110829476,77.0743051389794,834562.17578125,5021.68931520188
104,040133187002,Block Group 2,9.35348700172366,9.35348698857335,965,1577341.58,411835.099999999,35119.9599999999,21025.2999999999,1793.3,3544.30000000001,236.96,4290.20000000002,833.159999999994,2863.25000000002,0,0,0.487540613923623,0,0.0372188309653389,0,0.203240406771073,0.21024299800213,0,0.0617571503378346,1,40133187002,40133187002,1513,AZ,Maricopa County,0.583577712609971,0.348314606741573,0.02960102960103,25278,0.055090655509066,0.040317250495704,0.011896893588896,-1,1.192677,ED,104.99063670412,"Phoenix--Mesa, AZ",Tempe,AZ Congressional District 9,Desert,1268.57481111818,1.2,0.145844901846854,-1,8,19.1,11.4,28.8,22.6,0.428985280300658,0.45432278184428,0.386676690784987,65.8769145726841,77.0743051389794,1669969.4140625,7002.70521147676
105,040133199052,Block Group 2,12.6828962118957,12.6828960308663,120,213207.37,46503.5000000001,3965.62,2199.5,187.34,566.799999999999,38.0300000000001,687.5,133.76,359.11,0.711837594774791,0.0894660534718807,0.0490943773210006,0,0,0.0429678033120918,0,0.105880315018509,0,0.000753856101727642,1,40133199052,40133199052,1358,AZ,Maricopa County,0.425625920471281,0.114874815905744,0.070588235294118,76861,0.525842696629213,0.192930780559646,0.151693667157585,-1,0.628008,ED,107.40811965812,"Phoenix--Mesa, AZ",Tempe,AZ Congressional District 9,Desert,2162.39283576005,1,0.09817900408912,-1,12.4,12.4,10,33.7,26.9,0.686626996554964,0.3687625231748,0.384459966909522,77.1609100854175,77.0743051389794,902635.15625,3800.44378753909
106,040133184002,Block Group 2,6.58417667513763,6.14490543096831,527,920939.359999999,180004.1,15349.92,8272.80000000002,705.41,1852.5,123.51,2240.3,435.859999999999,1264.94,0.0411570984561513,0.0384804021219315,0.41145724450457,0.210813821015916,0.0117714542431585,0,0.00252031963426613,0.115603036687116,0.0715981628985801,0.0965984604383108,1,40133184002,40133184002,2154,AZ,Maricopa County,0.491179201485608,0.373259052924791,0.059679767103348,46234,0.136675461741425,0.09702878365831,0.023212627669452,-1,6.45421,ED,105.51793903426,"Phoenix--Mesa, AZ",Tempe,AZ Congressional District 9,Desert,333.735654712196,1.2,0.146007768572761,-1,11.9,16.6,10.8,28.8,23,0.441888506107109,0.433560582298891,0.399930356104106,64.6679056710128,77.0743051389794,8472364.9921875,14434.9396171555
107,040133184003,Block Group 3,9.60193345398056,8.88932612495494,105,248063.58,54506.5,4647.97,1448,123.52,516,34.48,624.3,121.36,279.25,0.253035561135941,0.321823341299407,0.0511625878628912,0.0886229119065119,0.00713971088211379,0,0,0.278215886913136,0,0,1,40133184003,40133184003,1023,AZ,Maricopa County,0.26099706744868,0.454545454545454,0.199341021416804,51313,0.269230769230769,0.062561094819159,0.149560117302053,-1,1.305035,ED,106.199055330634,"Phoenix--Mesa, AZ",Tempe,AZ Congressional District 9,Desert,783.887022187144,1.2,0.126235924707,-1,11.9,16.6,10.8,28.8,23,0.441888506107109,0.433560582298891,0.471228081979,64.0065747970254,77.0743051389794,1701380.59765625,6646.1647815666
108,040133185011,Block Group 1,8.74070687103466,8.73576914839992,,,,,,,,,,,,0.884228787737239,0.115771212262761,0,0,0,0,0,0,0,0,1,40133185011,40133185011,1809,AZ,Maricopa County,0.583747927031509,0.380320619126589,0.017462165308498,39375,0.486442070665571,0.150359314538419,0.176893311221669,-1,0.455164,ED,107.423529411765,"Phoenix--Mesa, AZ",Tempe,AZ Congressional District 9,Desert,3974.39164784561,1,0.120661124341995,-1,14.6,16,11,29.7,22.6,0.450829940494832,0.477003702399685,0.446082432981641,67.4319664857799,77.0743051389794,655272.86328125,3288.48580565133
109,040133185012,Block Group 2,11.2883242845447,11.28832223744,,,,,,,,,,,,0.986342812219855,0.0136571877801452,0,0,0,0,0,0,0,0,1,40133185012,40133185012,1288,AZ,Maricopa County,0.557453416149068,0.47360248447205,0.027950310559006,41932,0.124890829694323,0.037267080745342,0.073757763975155,-1,0.196182,ED,106.798611111111,"Phoenix--Mesa, AZ",Tempe,AZ Congressional District 9,Desert,6565.33219153643,0.8,0.078115423433343,-1,14.6,16,11,29.7,22.6,0.450829940494832,0.477003702399685,0.435170817599276,79.4313587736642,77.0743051389794,282564.56640625,2527.56572011807
110,040133185013,Block Group 3,9.37153920513558,9.3663894379756,89,433809.11,132854.1,11329.15,1410,120.2,746.1,49.91,904.7,175.72,345.83,0.999154437767235,0,0,0,0,0,0,0.000845562232765092,0,0,1,40133185013,40133185013,573,AZ,Maricopa County,0.095986038394415,0.223385689354276,0.066666666666667,91700,0.232258064516129,0.048865619546248,0.139616055846422,-1,0.604904,ED,100.927611940299,"Phoenix--Mesa, AZ",Tempe,AZ Congressional District 9,Desert,947.257746683771,1.2,0.131536111515216,-1,14.6,16,11,29.7,22.6,0.450829940494832,0.477003702399685,0.253767849185805,79.8028242057514,77.0743051389794,942016.8046875,4916.38963615428
111,040133198006,Block Group 6,11.5846273611375,11.5846270894449,407,1133201.39,257459.699999999,21955.31,9621.09999999999,820.630000000001,2632.90000000001,175.8,3186.50000000001,619.27,1615.82,0.651274733833553,0.0509522346849249,0,0,0,0.0372504851164345,0.191035608839643,0.0694869375254453,0,0,1,40133198006,40133198006,733,AZ,Maricopa County,0.072305593451569,0.326057298772169,0,84107,0.67351598173516,0.162346521145975,0.240109140518417,-1,0.653341,ED,107.237727910238,"Phoenix--Mesa, AZ",Tempe,AZ Congressional District 9,Desert,1121.92561005662,1.2,0.124811361907488,-1,11.4,15.5,10.6,31.4,24.1,0.540479173191356,0.415618966788017,0.327222494169533,75.288089613168,77.0743051389794,939662.4453125,3844.21157139766
