OBJECTID,GEOID10,DistrictName,FreeEligible,ReducedEligible,NotEligible,Total,FreeReducedEligible,PCT_Free,PCT_Reduced,PCT_FreeReduced,Shape__Area,Shape__Length
1,2601920,Addison Community Schools,410,72,367,849,482,0.482921083627797,0.0848056537102474,0.567726737338045,2086111291.05432,388829.899328688
2,2601950,Adrian City School District,1488,206,1018,2712,1694,0.548672566371681,0.0759587020648968,0.624631268436578,1929500283.46033,478469.932480884
3,2601980,Airport Community School District,1172,141,1300,2613,1313,0.448526597780329,0.0539609644087256,0.502487562189055,2318119546.21265,335503.307432365
4,2602010,Akron-Fairgrove Schools,98,15,32,145,113,0.675862068965517,0.103448275862069,0.779310344827586,2569049690.26563,460145.999420713
5,2621810,Alanson Public Schools,145,20,65,230,165,0.630434782608696,0.0869565217391304,0.717391304347826,1172731539.74219,201057.964023235
6,2602040,Alba Public Schools,83,14,27,124,97,0.669354838709677,0.112903225806452,0.782258064516129,1849303197.05371,299585.285400198
7,2602070,Albion Public Schools,381,13,91,485,394,0.785567010309278,0.0268041237113402,0.812371134020619,1818229772.17847,335549.481766602
8,2602190,Algonac Community School District,593,104,834,1531,697,0.387328543435663,0.0679294578706728,0.455258001306336,1300048700.47412,765398.458769249
9,2602220,Allegan Public Schools,1317,224,1162,2703,1541,0.487236403995561,0.0828708842027377,0.570107288198298,4356295765.6936,505583.714756845
10,2602520,Allen Park Public Schools,1218,181,2421,3820,1399,0.318848167539267,0.0473821989528796,0.366230366492147,104285689.932861,53493.4843844254
11,2602550,Allendale Public School District,861,154,2026,3041,1015,0.28313054916146,0.0506412364353831,0.333771785596843,891182785.916992,134338.567183624
12,2602640,Alma Public Schools,1135,92,891,2118,1227,0.535882908404155,0.0434372049102927,0.579320113314448,2842725137.98926,357916.854403598
13,2602670,Almont Community Schools,333,66,1092,1491,399,0.223340040241449,0.0442655935613682,0.267605633802817,1607389644.67139,314704.487082679
14,2602730,Alpena Public Schools,1820,292,1742,3854,2112,0.47223663725999,0.0757654385054489,0.548002075765438,16896884267.4561,1168154.32774196
15,2602790,Anchor Bay School District,1277,215,4353,5845,1492,0.218477331052181,0.0367835757057314,0.255260906757913,798715847.663086,173903.174623414
16,2602820,Ann Arbor Public Schools,5238,493,14067,19798,5731,0.264572179007981,0.0249015052025457,0.289473684210526,2890793260.70996,382787.356735718
17,2603240,Armada Area Schools,305,61,1446,1812,366,0.16832229580574,0.0336644591611479,0.201986754966887,2066122221.25684,281163.455512986
18,2603510,Athens Area Schools,218,22,316,556,240,0.392086330935252,0.039568345323741,0.431654676258993,2076681618.43262,317662.456144766
19,2603540,Atherton Community Schools,1284,65,244,1593,1349,0.806026365348399,0.0408035153797866,0.846829880728186,253805015.45459,111056.943652144
20,2603600,Au Gres-Sims School District,47,5,33,85,52,0.552941176470588,0.0588235294117647,0.611764705882353,1947172617.04688,421261.1286816
21,2603690,Avondale School District,1292,161,2002,3455,1453,0.373950795947902,0.0465991316931983,0.4205499276411,339563841.044434,130655.698696892
22,2600017,Bad Axe Public Schools,427,82,474,983,509,0.434384537131231,0.0834181078331638,0.517802644964395,2505657092.64941,552046.519164707
23,2603810,Baldwin Community Schools,496,14,25,535,510,0.927102803738318,0.0261682242990654,0.953271028037383,10301378298.7813,721147.998950935
24,2603870,Bangor Public Schools,939,52,241,1232,991,0.762175324675325,0.0422077922077922,0.804383116883117,2399007948.67188,502292.507948118
25,2603900,Bangor Township Schools,1309,185,1099,2593,1494,0.504820671037408,0.0713459313536444,0.576166602391053,420227392.847656,133562.432421445
26,2604020,Bark River-Harris School District,160,4,23,187,164,0.855614973262032,0.0213903743315508,0.877005347593583,4959036004.61914,416677.934379759
27,2604170,Bath Community Schools,202,36,371,609,238,0.331691297208539,0.0591133004926108,0.390804597701149,1154451394.3667,236851.031185088
28,2600005,Battle Creek Public Schools,4164,260,1034,5458,4424,0.762916819347746,0.047636496885306,0.810553316233052,1173680232.59155,283266.181310086
29,2604260,Bay City School District,3969,491,3772,8232,4460,0.482142857142857,0.059645286686103,0.54178814382896,6477441183.7998,617482.232559632
30,2604320,Bear Lake School District,142,13,117,272,155,0.522058823529412,0.0477941176470588,0.569852941176471,1517891586.79492,223673.043995948
31,2604350,Beaver Island Community School,12,6,28,46,18,0.260869565217391,0.130434782608696,0.391304347826087,2085283299.12305,596205.1023392
32,2604470,Bedford Public Schools,935,153,3385,4473,1088,0.20903196959535,0.03420523138833,0.24323720098368,1108121273.828,151051.82487934
33,2604500,Beecher Community School District,699,12,94,805,711,0.86832298136646,0.0149068322981366,0.883229813664596,140385420.47168,52974.7573558906
34,2604530,Belding Area School District,1001,162,729,1892,1163,0.529069767441861,0.0856236786469345,0.614693446088795,2816561933.81006,363894.991577213
35,2604620,Bellaire Public Schools,154,19,208,381,173,0.404199475065617,0.0498687664041995,0.454068241469816,2090469578.75195,208530.834374982
36,2604650,Bellevue Community Schools,343,28,229,600,371,0.571666666666667,0.0466666666666667,0.618333333333333,2344411514.07837,415749.298211574
37,2604740,Bendle Public Schools,998,100,88,1186,1098,0.841483979763912,0.0843170320404722,0.925801011804384,57786227.6269531,32223.2237675098
38,2604800,Bentley Community Schools,561,63,194,818,624,0.685819070904645,0.0770171149144254,0.762836185819071,152064364.110352,57940.7038052271
39,2604830,Benton Harbor Area Schools,2943,71,569,3583,3014,0.821378732905387,0.0198157968183087,0.841194529723695,1639525968.18628,255428.334200392
40,2604950,Benzie County Central Schools,415,53,295,763,468,0.543905635648755,0.0694626474442988,0.613368283093054,9798574127.43359,623873.165851964
41,2605010,Berkley School District,735,113,3439,4287,848,0.171448565430371,0.026358759038955,0.197807324469326,133879444.727051,56237.4203140813
42,2605430,Berrien Springs Public Schools,377,26,188,591,403,0.637901861252115,0.0439932318104907,0.681895093062606,1640615983.37354,263713.895377127
43,2600006,Bessemer Area School District,226,12,180,418,238,0.54066985645933,0.0287081339712919,0.569377990430622,3372669361.29102,350606.656649328
44,2605690,Big Bay De Noc School District,95,14,57,166,109,0.572289156626506,0.0843373493975904,0.656626506024096,14196559689.5449,1083355.14724361
45,2605780,Big Rapids Public Schools,1207,188,1295,2690,1395,0.448698884758364,0.0698884758364312,0.518587360594795,3752625371.36035,502917.137869157
46,2605820,Birch Run Area School District,818,124,961,1903,942,0.429847609038361,0.0651602732527588,0.495007882291119,1791771386.4458,223927.959613437
47,2605850,Birmingham City School District,636,75,7330,8041,711,0.079094639970153,0.00932719810968785,0.0884218380798408,687631120.34375,212400.162867093
48,2606000,Blissfield Community Schools,374,49,770,1193,423,0.31349538977368,0.0410729253981559,0.354568315171836,3340351456.55597,362178.909173449
49,2606090,Bloomfield Hills School District,723,88,6190,7001,811,0.103270961291244,0.0125696329095843,0.115840594200828,702119517.209961,196639.593894639
50,2606500,Boyne City Public Schools,527,137,707,1371,664,0.384390955506929,0.099927060539752,0.484318016046681,2757581610.39355,411134.905162411
51,2606510,Boyne Falls Public School District,46,18,74,138,64,0.333333333333333,0.130434782608696,0.463768115942029,1518129473.1709,220931.708445968
52,2606570,Brandon School District,854,86,1525,2465,940,0.346450304259635,0.0348884381338742,0.381338742393509,1544970094.53223,281030.934042032
53,2606600,Brandywine Community Schools,758,104,524,1386,862,0.546897546897547,0.075036075036075,0.621933621933622,523866350.402466,136928.857934897
54,2606720,Breitung Township Schools,737,123,1045,1905,860,0.386876640419948,0.0645669291338583,0.451443569553806,2034581946.80859,320644.534978201
55,2606780,Bridgeport-Spaulding Community School District,1429,45,268,1742,1474,0.820321469575201,0.0258323765786452,0.846153846153846,1735257378.0166,207362.859036927
56,2606840,Bridgman Public Schools,289,64,520,873,353,0.331042382588774,0.0733104238258877,0.404352806414662,546515144.017944,128380.550665704
57,2606870,Brighton Area Schools,901,164,5802,6867,1065,0.131207222950342,0.0238823358089413,0.155089558759284,1604953792.04297,254654.001374691
58,2606900,Brimley Area Schools,326,76,214,616,402,0.529220779220779,0.123376623376623,0.652597402597403,8281314049.93164,561252.327195782
59,2606930,Britton-Macon Area School District,218,44,288,550,262,0.396363636363636,0.08,0.476363636363636,1466109343.67102,299415.644364618
60,2606960,Bronson Community School District,534,99,423,1056,633,0.505681818181818,0.09375,0.599431818181818,4231242302.00061,370502.489073446
61,2607040,Brown City Community Schools,405,83,342,830,488,0.487951807228916,0.1,0.587951807228916,3161284137.04395,393563.845390536
62,2607140,Buchanan Community Schools,737,119,718,1574,856,0.468233799237611,0.0756035578144854,0.543837357052097,1428266847.53345,226321.474201234
63,2607170,Buckley Community School District,175,39,199,413,214,0.423728813559322,0.0944309927360775,0.518159806295399,1984417924.04395,311118.178079427
64,2607320,Bullock Creek School District,755,87,974,1816,842,0.415748898678414,0.0479074889867841,0.463656387665198,2117120514.5625,376660.078795881
65,2607530,Byron Area Schools,305,49,545,899,354,0.339265850945495,0.0545050055617353,0.39377085650723,2018707268.98926,398844.041758671
66,2607560,Byron Center Public Schools,873,212,3106,4191,1085,0.208303507516106,0.0505845860176569,0.258888093533763,1134582162.78418,178810.618665959
67,2607590,Cadillac Area Public Schools,1650,244,1333,3227,1894,0.511310814998451,0.075612023551286,0.586922838549737,7069347298.66113,714382.686247115
68,2607620,Caledonia Community Schools,1018,318,4829,6165,1336,0.165125709651257,0.0515815085158151,0.216707218167072,2627995398.98877,417109.430290321
69,2607690,Public Schools of Calumet,723,128,687,1538,851,0.470091027308192,0.0832249674902471,0.55331599479844,11771532696.2676,2336644.50421921
70,2607800,Capac Community School District,390,51,464,905,441,0.430939226519337,0.056353591160221,0.487292817679558,2976269861.60547,389273.579599268
71,2607890,Carman-Ainsworth Community Schools,4160,309,1267,5736,4469,0.725244072524407,0.0538702928870293,0.779114365411437,744510428.126953,248917.732550138
72,2608040,Caro Community Schools,987,134,717,1838,1121,0.536996735582155,0.072905331882481,0.609902067464635,3280250324.29297,535504.330298815
73,2608070,Carrollton School District,335,72,137,544,407,0.615808823529412,0.132352941176471,0.748161764705882,97992658.59375,46771.2086883727
74,2608130,Carson City-Crystal Area Schools,38,1,7,46,39,0.826086956521739,0.0217391304347826,0.847826086956522,4254825058.23779,588295.0575428
75,2608160,Carsonville-Port Sanilac School District,213,41,122,376,254,0.566489361702128,0.109042553191489,0.675531914893617,2245716146.73633,363636.109445032
76,2608400,Cass City Public Schools,384,87,497,968,471,0.396694214876033,0.0898760330578512,0.486570247933884,5489476183.62598,723171.285682514
77,2608430,Cassopolis Public Schools,556,73,322,951,629,0.584647739221872,0.0767613038906414,0.661409043112513,3609539808.44141,385768.283755973
78,2608520,Cedar Springs Public Schools,1367,265,2162,3794,1632,0.360305745914602,0.069847127042699,0.430152872957301,3132547439.39795,483743.986746365
79,2608580,Center Line Public Schools,1783,188,635,2606,1971,0.684190330007675,0.0721412125863392,0.756331542594014,141971108.366211,67944.7250604179
80,2608610,Central Lake Public Schools,149,23,109,281,172,0.530249110320285,0.0818505338078292,0.612099644128114,1742765632.2002,244826.779304066
81,2608640,Central Montcalm Public Schools,745,110,500,1355,855,0.549815498154982,0.0811808118081181,0.6309963099631,4182797465.55518,597714.801668707
82,2608670,Centreville Public Schools,66,5,33,104,71,0.634615384615385,0.0480769230769231,0.682692307692308,1742324966.81519,456076.626515779
83,2608730,Charlevoix Public Schools,472,71,593,1136,543,0.415492957746479,0.0625,0.477992957746479,2562915836.52246,333858.146501283
84,2608770,Charlotte Public Schools,1015,111,1499,2625,1126,0.386666666666667,0.0422857142857143,0.428952380952381,3663693581.68311,742302.567374653
85,2608910,Cheboygan Area Schools,850,120,621,1591,970,0.534255185417976,0.0754242614707731,0.609679446888749,7545223194.90625,545629.903274443
86,2608940,Chelsea School District,261,29,2132,2422,290,0.107762180016515,0.0119735755573906,0.119735755573906,3507136583.78955,375780.865204708
87,2609150,Chesaning Union Schools,657,101,654,1412,758,0.465297450424929,0.0715297450424929,0.536827195467422,4565554348.18457,609091.344399394
88,2609560,Chippewa Hills School District,965,136,679,1780,1101,0.542134831460674,0.0764044943820225,0.618539325842697,10265872422.9434,860110.151780817
89,2609570,Chippewa Valley Schools,4444,617,11569,16630,5061,0.267227901383043,0.0371016235718581,0.304329524954901,770186473.4375,161533.504724881
90,2609750,Clare Public Schools,720,111,838,1669,831,0.431396045536249,0.0665068903535051,0.497902935889754,3492938433.2959,465159.475165829
91,2609840,Clarenceville School District,1317,167,1052,2536,1484,0.519321766561514,0.0658517350157729,0.585173501577287,103172248.070313,52368.1933185229
92,2609900,Clarkston Community School District,1337,184,5934,7455,1521,0.179342723004695,0.0246814218645205,0.204024144869215,1621567285.17285,226269.632119853
93,2609930,Clawson Public Schools,554,83,968,1605,637,0.345171339563863,0.0517133956386293,0.396884735202492,61624952.1835938,37487.4185494363
94,2610020,Climax-Scotts Community Schools,205,66,224,495,271,0.414141414141414,0.133333333333333,0.547474747474747,1707064545.64063,241962.327892922
95,2610050,Clinton Community Schools,304,60,737,1101,364,0.276112624886467,0.0544959128065395,0.330608537693006,1496393607.46655,374382.657110217
96,2610080,Clintondale Community Schools,1563,97,506,2166,1660,0.721606648199446,0.0447830101569714,0.766389658356417,108233981.798828,48065.3382324247
97,2610110,Clio Area School District,1396,247,1419,3062,1643,0.455911169170477,0.0806662312214239,0.536577400391901,1653476314.74023,317901.321866196
98,2610140,Coldwater Community Schools,1983,185,1314,3482,2168,0.569500287191269,0.053130384836301,0.62263067202757,4019299147.11401,536723.108533492
99,2610200,Coleman Community School District,141,24,141,306,165,0.46078431372549,0.0784313725490196,0.53921568627451,3222882907.53613,331975.966732576
100,2610380,Coloma Community Schools,895,103,383,1381,998,0.648081100651702,0.0745836350470673,0.722664735698769,1194825569.33813,239601.205769039
101,2610410,Colon Community School District,279,25,256,560,304,0.498214285714286,0.0446428571428571,0.542857142857143,2834233286.14514,525724.639178682
102,2606990,Columbia School District,585,63,779,1427,648,0.409950946040645,0.0441485634197617,0.454099509460406,2507161073.8418,459292.37332433
103,2610590,Comstock Public Schools,1187,37,797,2021,1224,0.587333003463632,0.0183077684314696,0.605640771895101,718865810.452881,186405.784848202
104,2610620,Comstock Park Public Schools,724,198,1275,2197,922,0.329540282203004,0.0901228948566227,0.419663177059627,277623527.600098,126770.027174074
105,2610750,Constantine Public School District,669,138,633,1440,807,0.464583333333333,0.0958333333333333,0.560416666666667,2733933442.49585,612233.883751675
106,2610830,Coopersville Area Public School District,869,192,1598,2659,1061,0.326814591951862,0.0722075968409176,0.399022188792779,3064292235.04004,477502.234206848
107,2610860,Corunna Public School District,771,126,776,1673,897,0.460848774656306,0.0753138075313808,0.536162582187687,2812730940.85449,556464.612380855
108,2610980,Covert Public Schools,326,12,13,351,338,0.928774928774929,0.0341880341880342,0.962962962962963,1025569481.33105,167640.052895427
109,2611030,Crawford AuSable Schools,885,94,675,1654,979,0.535066505441354,0.0568319226118501,0.591898428053204,12655358355.5635,599277.386118837
110,2600016,Crestwood School District,4230,252,1095,5577,4482,0.758472296933835,0.0451855836471221,0.803657880580958,151476324.071777,55909.8072647478
111,2611140,Croswell-Lexington Community Schools,953,186,1014,2153,1139,0.442638179284719,0.0863910822108686,0.529029261495588,4673637677.80225,541797.204943077
112,2611430,Davison Community Schools,2101,399,3278,5778,2500,0.36362062997577,0.069055036344756,0.432675666320526,1705866556.73486,262772.110893879
113,2611600,Dearborn City School District,18870,900,5190,24960,19770,0.756009615384615,0.0360576923076923,0.792067307692308,743970534.207764,168575.668720676
114,2611610,Dearborn Heights School District #7,1687,161,644,2492,1848,0.676966292134832,0.0646067415730337,0.741573033707865,60957003.8598633,35274.2500524831
115,2611670,Decatur Public Schools,434,63,272,769,497,0.564369310793238,0.081924577373212,0.64629388816645,2266829112.25537,414746.317785041
116,2611700,Deckerville Community School District,340,48,194,582,388,0.584192439862543,0.0824742268041237,0.666666666666667,4897328239.4248,465401.502863223
117,2611910,Delton-Kellogg School District,597,81,612,1290,678,0.462790697674419,0.0627906976744186,0.525581395348837,3262146934.09155,565118.6791652
118,2611970,DeTour Area Schools,50,7,26,83,57,0.602409638554217,0.0843373493975904,0.686746987951807,10268396774.2695,980882.352921956
119,2612000,Detroit City School District,74205,1849,10490,86544,76054,0.857425124792013,0.0213648548715104,0.878789979663524,3988333780.8313,431890.044521322
120,2611550,DeWitt Public Schools,43,3,206,252,46,0.170634920634921,0.0119047619047619,0.182539682539683,512131416.007324,169590.472843377
121,2612030,Dexter Community School District,343,41,3230,3614,384,0.0949086884338683,0.0113447703375761,0.106253458771444,2345257434.32983,356148.917494971
122,2601890,Adams Township School District,,,,,,,,,2335145419.62891,372236.508200235
123,2602160,Alcona Community Schools,,,,,,,,,11083460315.8037,562474.205808738
124,2603060,Arenac Eastern School District,,,,,,,,,2457892030.43555,356651.280242934
125,2603270,Arvon Township School District,,,,,,,,,3496089473.87891,395731.370838547
126,2603480,Ashley Community Schools,,,,,,,,,1674741765.91113,526471.967717398
127,2603570,Atlanta Community Schools,,,,,,,,,5394763150.83691,434920.007819814
128,2603660,AuTrain-Onota Public Schools,,,,,,,,,4387029924.90234,430554.347120397
129,2603960,Bangor Township S/D #8,,,,,,,,,112992874.312744,113101.642469852
130,2603990,Baraga Area Schools,,,,,,,,,5820542411.69531,397636.248478647
131,2604290,Beal City Public Schools,,,,,,,,,1329118312.26855,480620.601461389
132,2604440,Beaverton Rural Schools,,,,,,,,,6267975433.65723,535844.662735019
133,2605100,Berlin Township S/D #3,,,,,,,,,169751089.578613,74914.8534297412
134,2600105,Big Jackson School District,,,,,,,,,1658292846.99902,225703.957943909
135,2600009,Bloomfield Township S/D #7F,,,,,,,,,455961764.766602,165155.349204285
136,2606270,Bloomingdale Public School District,,,,,,,,,2542243996.96729,431066.842444342
137,2606300,Bois Blanc Pines School District,,,,,,,,,1033453010.09961,193656.976057562
138,2606630,Breckenridge Community Schools,,,,,,,,,3609434934.45117,564264.158900396
139,2607230,Buena Vista School District,,,,,,,,,621639755.203125,171957.481934704
140,2607410,Burr Oak Community School District,,,,,,,,,719167537.090332,204937.763385181
141,2607470,Burt Township School District,,,,,,,,,6682996158.39063,371213.336507844
142,2607710,Camden-Frontier Schools,,,,,,,,,2672555928.10529,431745.264522973
143,2608010,Carney-Nadeau Public Schools,,,,,,,,,3063418614.24805,292755.115974308
144,2608280,Caseville Public Schools,,,,,,,,,268034165.518555,258589.923967165
145,2608880,Chassell Township School District,,,,,,,,,1448441234.01172,153774.965839267
146,2609630,Church School District,,,,,,,,,214868369.660156,87070.3081313471
147,2610230,Colfax Township S/D #1F,,,,,,,,,155354292.423828,62992.1765126733
148,2610650,Concord Community Schools,,,,,,,,,1949014036.27002,394284.692530611
149,2611400,Dansville Schools,,,,,,,,,2450062837.47852,331326.543572757
150,2611730,Deerfield Public Schools,,,,,,,,,781549597.348267,198336.131301362
151,2626940,Dollar Bay-Tamarack City Area Schools,,,,,,,,,880312118.419922,152435.469876543
152,2612150,Dowagiac Union School District,1569,179,532,2280,1748,0.688157894736842,0.0785087719298246,0.766666666666667,3360894059.11426,424324.745015546
153,2612240,Dryden Community Schools,158,39,291,488,197,0.323770491803279,0.0799180327868853,0.403688524590164,979576704.460449,216890.055141105
154,2612300,Dundee Community Schools,515,81,1021,1617,596,0.318491032776747,0.0500927643784787,0.368583797155226,2040120563.51416,302220.330671617
155,2612330,Durand Area Schools,638,120,608,1366,758,0.46705710102489,0.0878477306002928,0.554904831625183,1781520064.81396,322587.08116087
156,2612420,East China School District,1135,173,2788,4096,1308,0.277099609375,0.042236328125,0.3193359375,3618799549.86084,373952.708031743
157,2612450,East Detroit Public Schools,3129,133,611,3873,3262,0.807900852052672,0.0343403046733798,0.842241156726052,169984743.180176,56592.7556442492
158,2612480,East Grand Rapids Public Schools,170,24,2705,2899,194,0.0586409106588479,0.00827871679889617,0.066919627457744,102962240.157227,47587.2440493738
159,2612540,East Jackson Community Schools,607,57,290,954,664,0.636268343815514,0.059748427672956,0.69601677148847,983174309.005371,230778.124645592
160,2612600,East Lansing School District,1094,186,2306,3586,1280,0.305075292805354,0.0518683770217513,0.356943669827105,398074690.16748,146663.052585621
161,2612690,Eaton Rapids Public Schools,1102,256,1189,2547,1358,0.432665881429132,0.10051040439733,0.533176285826462,3338364622.32935,592670.852759989
162,2612810,Eau Claire Public Schools,721,30,85,836,751,0.86244019138756,0.0358851674641148,0.898325358851675,1394159132.86206,249264.504169601
163,2612930,Ecorse Public School District,834,7,195,1036,841,0.805019305019305,0.00675675675675676,0.811776061776062,98592179.3164063,44376.1937638766
164,2612990,Edwardsburg Public Schools,732,159,1843,2734,891,0.267739575713241,0.0581565471836138,0.325896122896854,1782803599.95203,246123.635246974
165,2613050,Elk Rapids Schools,399,60,1059,1518,459,0.262845849802372,0.0395256916996047,0.302371541501976,3606272476.92871,404900.886890633
166,2613090,Elkton-Pigeon-Bay Port Laker Schools,393,61,458,912,454,0.430921052631579,0.0668859649122807,0.49780701754386,5507426202.37695,866577.369416539
167,2613110,Ellsworth Community School,128,22,115,265,150,0.483018867924528,0.0830188679245283,0.566037735849057,1274800744.2207,178213.223543151
168,2615600,Engadine Consolidated Schools,111,32,92,235,143,0.472340425531915,0.136170212765957,0.608510638297872,12477570023.3555,725232.961012307
169,2613500,Escanaba Area Public Schools,1178,175,1183,2536,1353,0.464511041009464,0.069006309148265,0.533517350157729,5082519739.88086,638033.781660259
170,2613530,Essexville-Hampton Public Schools,697,62,1115,1874,759,0.371931696905016,0.0330843116328709,0.405016008537887,539557365.883789,219726.359559102
171,2613560,Evart Public Schools,652,42,277,971,694,0.671472708547889,0.043254376930999,0.714727085478888,5599658669.13672,593131.658940606
172,2600014,Ewen-Trout Creek Consolidated School District,106,16,82,204,122,0.519607843137255,0.0784313725490196,0.598039215686274,19278740961.5449,768256.544990516
173,2610560,Fairview Area School District,188,39,73,300,227,0.626666666666667,0.13,0.756666666666667,8992755371.89063,506365.305221818
174,2614070,Farmington Public School District,2150,330,6736,9216,2480,0.233289930555556,0.0358072916666667,0.269097222222222,967820214.0625,135321.107592878
175,2614100,Farwell Area Schools,767,79,391,1237,846,0.620048504446241,0.0638641875505255,0.683912691996766,5149018504.37793,515199.47178402
176,2614230,Fennville Public Schools,273,68,99,440,341,0.620454545454545,0.154545454545455,0.775,3181103953.11865,343026.955125302
177,2614250,Fenton Area Public Schools,831,164,2412,3407,995,0.243909597886704,0.0481361901966539,0.292045788083358,1041418904.48779,185073.889491848
178,2614280,Ferndale Public Schools,1661,185,1093,2939,1846,0.56515821708064,0.0629465804695475,0.628104797550187,129272816.964355,51485.9784687593
179,2614460,Fitzgerald Public Schools,2850,174,397,3421,3024,0.833089739842151,0.050862320958784,0.883952060800935,128430304.734863,52755.477991058
180,2607080,Flat Rock Community Schools,1001,82,1281,2364,1083,0.423434856175973,0.0346869712351946,0.458121827411168,210915938.151611,103094.028538825
181,2614520,Flint City School District,6422,119,545,7086,6541,0.906294101044313,0.0167936776742873,0.9230877787186,848422123.286621,139537.502521629
182,2614550,Flushing Community Schools,1631,271,2387,4289,1902,0.380275122406155,0.0631848915831196,0.443460013989275,1525148433.93311,215760.062488125
183,2614570,Forest Area Community Schools,319,42,148,509,361,0.62671905697446,0.0825147347740668,0.709233791748527,3219954027.75977,394586.902642821
184,2614610,Forest Hills Public Schools,1995,337,9316,11648,2332,0.171274038461538,0.0289320054945055,0.200206043956044,1696794806.61816,398832.471919419
185,2611190,Forest Park School District,180,35,202,417,215,0.431654676258993,0.0839328537170264,0.515587529976019,17828231672.291,636933.857141114
186,2614700,Fowler Public Schools,93,20,384,497,113,0.187122736418511,0.0402414486921529,0.227364185110664,1498763553.58984,382413.213236252
187,2614730,Fowlerville Community Schools,849,171,1833,2853,1020,0.297581493165089,0.0599369085173502,0.35751840168244,3257184703.73975,481851.895202686
188,2614760,Frankenmuth School District,218,45,1012,1275,263,0.170980392156863,0.0352941176470588,0.206274509803922,1887500679.22852,242399.889754693
189,2614790,Frankfort-Elberta Area Schools,213,24,218,455,237,0.468131868131868,0.0527472527472527,0.520879120879121,1392572495.98535,226807.403799324
190,2614820,Fraser Public Schools,2343,407,3002,5752,2750,0.407336578581363,0.0707579972183588,0.478094575799722,227288354.851074,73446.8208246694
191,2615060,Freeland Community School District,296,49,1613,1958,345,0.151174668028601,0.0250255362614913,0.176200204290092,1299038884.58594,203688.479424407
192,2615150,Fremont Public School District,996,198,962,2156,1194,0.461966604823748,0.0918367346938776,0.553803339517625,4240431886.86523,495872.28692636
193,2615390,Fruitport Community Schools,1270,221,1239,2730,1491,0.465201465201465,0.080952380952381,0.546153846153846,1340549177.47998,214539.537602613
194,2615420,Fulton Schools,375,35,339,749,410,0.500667556742323,0.0467289719626168,0.54739652870494,2907420599.35449,616719.223243441
195,2615450,Galesburg-Augusta Community Schools,505,76,480,1061,581,0.475966069745523,0.0716305372290292,0.547596606974552,1490841899.14551,246016.135874315
196,2615540,Garden City School District,2400,237,1420,4057,2637,0.591570125708652,0.0584175499137294,0.649987675622381,165278701.410156,58633.3365800972
197,2615730,Gaylord Community Schools,1414,161,1519,3094,1575,0.457013574660633,0.0520361990950226,0.509049773755656,7778050390.54688,601102.387773123
198,2615870,Gibraltar School District,968,123,2589,3680,1091,0.26304347826087,0.0334239130434783,0.296467391304348,703041053.227539,153468.89395298
199,2615970,Gladstone Area Schools,582,56,952,1590,638,0.366037735849057,0.0352201257861635,0.40125786163522,2494201939.16992,290884.876064148
200,2615990,Gladwin Community Schools,863,108,713,1684,971,0.512470308788599,0.0641330166270784,0.576603325415677,6181517492.14258,486444.213422463
201,2616020,Glen Lake Community Schools,167,36,496,699,203,0.238912732474964,0.0515021459227468,0.290414878397711,4695577098.16602,431197.415332124
202,2616050,Gobles Public School District,2,0,7,9,2,0.222222222222222,0,0.222222222222222,1579304648.15503,215493.364843523
203,2616080,Godfrey-Lee Public Schools,1644,96,108,1848,1740,0.88961038961039,0.051948051948052,0.941558441558442,40170647.3256836,32759.0530942139
204,2616110,Godwin Heights Public Schools,2271,256,348,2875,2527,0.789913043478261,0.0890434782608696,0.87895652173913,103416848.865234,63815.5508243008
205,2616320,Goodrich Area Schools,402,50,1604,2056,452,0.195525291828794,0.0243190661478599,0.219844357976654,1348685609.51855,336348.883735987
206,2616350,Grand Blanc Community Schools,3217,531,5932,9680,3748,0.332334710743802,0.0548553719008264,0.387190082644628,1086385742.51367,190704.990911776
207,2616380,Grand Haven Area Public Schools,1953,467,4392,6812,2420,0.286699941280094,0.0685554903112155,0.355255431591309,2496973514.9043,333781.769176321
208,2616410,Grand Ledge Public Schools,1715,320,3963,5998,2035,0.28592864288096,0.053351117039013,0.339279759919973,3341456139.82275,619024.306770985
209,2616440,Grand Rapids Public Schools,15390,1093,4532,21015,16483,0.732334047109208,0.0520104687128242,0.784344515822032,1200750234.05078,306727.638791598
210,2616470,Grandville Public Schools,1453,389,3779,5621,1842,0.258494929727806,0.0692047678349048,0.327699697562711,1116990926.49561,245992.699126198
211,2616500,Grant Public School District,985,116,745,1846,1101,0.533586132177681,0.0628385698808234,0.596424702058505,3277719475.33105,508539.526701048
212,2616830,Grass Lake Community Schools,305,43,906,1254,348,0.243221690590112,0.0342902711323764,0.277511961722488,1804495340.31152,276640.243088528
213,2617160,Greenville Public Schools,1751,293,1841,3885,2044,0.450707850707851,0.0754182754182754,0.526126126126126,3748532096.5918,461648.59038727
214,2617220,Grosse Ile Township Schools,172,22,1644,1838,194,0.0935799782372144,0.0119695321001088,0.105549510337323,519856621.790039,111295.405265624
215,2625740,Grosse Pointe Public Schools,1225,185,6353,7763,1410,0.157799819657349,0.0238309931727425,0.181630812830091,308444687.191162,118099.600694471
216,2617250,Gull Lake Community Schools,672,148,2545,3365,820,0.199702823179792,0.0439821693907875,0.243684992570579,2988736421.59912,450093.142806997
217,2614690,Gwinn Area Community Schools,663,82,316,1061,745,0.6248821866164,0.0772855796418473,0.702167766258247,9959013876.64648,509498.089129515
218,2617370,Hale Area Schools,230,19,84,333,249,0.690690690690691,0.0570570570570571,0.747747747747748,4366922424.87695,379369.210100983
219,2617400,Hamilton Community Schools,586,150,1921,2657,736,0.220549491908167,0.0564546480993602,0.277004140007527,3582403349.3877,520510.011767293
220,2617520,Hamtramck Public Schools,5490,57,246,5793,5547,0.947695494562403,0.00983946141895391,0.957534955981357,58402687.2590332,34186.5247313874
221,2617550,Hancock Public Schools,267,95,447,809,362,0.330037082818294,0.117428924598269,0.447466007416564,1237941817.98633,183675.969525729
222,2617640,Hanover-Horton Schools,346,46,732,1124,392,0.307829181494662,0.0409252669039146,0.348754448398577,1820988723.5127,328361.400626228
223,2600007,Harbor Beach Community Schools,178,45,271,494,223,0.360323886639676,0.0910931174089069,0.451417004048583,3343400230.57617,532772.148483213
224,2617700,Harbor Springs School District,130,34,602,766,164,0.169712793733681,0.0443864229765013,0.214099216710183,3220141638.59961,338434.883334097
225,2617730,Harper Creek Community Schools,1025,171,1597,2793,1196,0.366988900823487,0.0612244897959184,0.428213390619406,2101323541.09326,308290.068391225
226,2617760,City of Harper Woods Schools,3192,216,734,4142,3408,0.770642201834862,0.0521487204249155,0.822790922259778,48501810.9233398,37723.8313163398
227,2617860,Hart Public School District,880,88,353,1321,968,0.666161998485995,0.0666161998485996,0.732778198334595,4066749758.41992,520578.524225
228,2617880,Hartford Public School District,531,49,141,721,580,0.736477115117892,0.0679611650485437,0.804438280166435,1548051108.50708,216679.880530023
229,2617910,Hartland Consolidated Schools,751,153,4766,5670,904,0.132451499118166,0.026984126984127,0.159435626102293,2616397215.85693,399539.588183576
230,2617940,Haslett Public Schools,547,84,2061,2692,631,0.203194650817236,0.0312035661218425,0.234398216939079,563068725.184082,169792.833730128
231,2617970,Hastings Area School District,1123,170,1402,2695,1293,0.41669758812616,0.0630797773654917,0.479777365491651,4860435272.59131,694473.130406998
232,2618030,Hazel Park City School District,2508,114,1010,3632,2622,0.690528634361233,0.0313876651982379,0.721916299559471,104668883.099121,40726.9575583603
233,2618180,Hemlock Public School District,10,0,48,58,10,0.172413793103448,0,0.172413793103448,2385509328.03271,396345.68058284
234,2618270,Hesperia Community Schools,578,81,297,956,659,0.604602510460251,0.0847280334728033,0.689330543933054,3637082113.06348,407628.337693576
235,2618330,Highland Park City Schools,1111,3,90,1204,1114,0.922757475083057,0.00249169435215947,0.925249169435216,82329379.4743652,37443.7234991721
236,2618360,Hillman Community Schools,208,43,186,437,251,0.475972540045767,0.0983981693363844,0.574370709382151,8256298723.97559,680269.320960672
237,2618390,Hillsdale Community Schools,902,136,766,1804,1038,0.5,0.0753880266075388,0.575388026607539,1956033118.18225,374763.010895375
238,2618420,Holland City School District,2418,476,2019,4913,2894,0.492163647465907,0.0968858131487889,0.589049460614696,485615943.509766,156423.878918111
239,2618450,Holly Area School District,1323,223,2431,3977,1546,0.332662811164194,0.056072416394267,0.388735227558461,2729733541.74951,325365.688283765
240,2618480,Holt Public Schools,1870,243,2973,5086,2113,0.367675973259929,0.0477782147070389,0.415454187966968,892658707.858887,402782.064242942
241,2618510,Holton Public Schools,540,49,271,860,589,0.627906976744186,0.0569767441860465,0.684883720930233,2724928414.61182,362365.975566122
242,2618540,Homer Community Schools,546,73,450,1069,619,0.510757717492984,0.068288119738073,0.579045837231057,2625820468.54858,407308.235035263
243,2618570,Hopkins Public Schools,479,136,1042,1657,615,0.289076644538322,0.0820760410380205,0.371152685576343,2651969143.46777,394422.110619139
244,2628890,Houghton-Portage Township Schools,362,71,1000,1433,433,0.25261688764829,0.049546406140963,0.302163293789253,2796631386.46484,368871.29376643
245,2618600,Houghton Lake Community Schools,842,69,336,1247,911,0.675220529270249,0.0553327987169206,0.730553327987169,13103732344.1973,767517.199776892
246,2618720,Howell Public Schools,1743,381,5120,7244,2124,0.240612921038101,0.0525952512424075,0.293208172280508,4426946373.27197,591474.260614719
247,2618810,Hudson Area Schools,547,76,425,1048,623,0.521946564885496,0.0725190839694656,0.594465648854962,2442320946.87097,437274.291528148
248,2618840,Hudsonville Public School District,1117,245,5319,6681,1362,0.167190540338273,0.0366711570124233,0.203861697350696,2208634928.16748,291529.23495653
249,2618930,Huron School District,698,87,1787,2572,785,0.271384136858476,0.0338258164852255,0.305209953343701,1092655074.82178,159263.000831295
250,2618990,Huron Valley Schools,2208,252,6295,8755,2460,0.2521987435751,0.0287835522558538,0.280982295830954,2769983703.25635,295673.070524326
251,2619050,Ida Public School District,262,54,1170,1486,316,0.176312247644684,0.0363391655450875,0.212651413189771,1801021211.7196,271846.993638476
252,2619100,Imlay City Community Schools,1017,191,907,2115,1208,0.480851063829787,0.090307328605201,0.571158392434988,2899952367.79102,458314.695827586
253,2619170,Inland Lakes Schools,384,37,284,705,421,0.54468085106383,0.0524822695035461,0.597163120567376,4542205761.71875,435984.713683621
254,2619250,Ionia Public Schools,1560,211,1389,3160,1771,0.493670886075949,0.0667721518987342,0.560443037974684,3742514447.72607,621244.383398984
255,2619410,Iron Mountain Public Schools,374,33,472,879,407,0.425483503981798,0.037542662116041,0.463026166097838,214323599.285156,68373.8704013648
256,2619470,Ironwood Area Schools,441,52,305,798,493,0.552631578947368,0.0651629072681704,0.617794486215539,6430581352.49219,582763.112292937
257,2619530,Ishpeming Public School District,353,50,345,748,403,0.47192513368984,0.0668449197860963,0.538770053475936,288884837.40625,85693.0863394902
258,2619580,Ithaca Public Schools,602,63,640,1305,665,0.461302681992337,0.0482758620689655,0.509578544061303,4325910729.03076,855767.534905919
259,2619620,Jackson Public Schools,4182,335,1752,6269,4517,0.667092040197799,0.0534375498484607,0.720529590046259,1089985590.7229,249263.320216238
260,2619800,Jefferson Schools (Monroe),994,197,1192,2383,1191,0.417121275702896,0.0826689047419219,0.499790180444817,1016704993.87378,277127.387299018
261,2619830,Jenison Public Schools,1100,417,3507,5024,1517,0.218949044585987,0.0830015923566879,0.301950636942675,418910117.780762,107092.6640233
262,2619920,Jonesville Community Schools,641,145,688,1474,786,0.434871099050204,0.0983717774762551,0.533242876526459,2121218434.25671,350646.543818965
263,2619950,Kalamazoo Public School District,8945,772,3933,13650,9717,0.655311355311355,0.0565567765567766,0.711868131868132,1537322161.62305,298343.446651584
264,2620010,Kaleva Norman Dickson School District,356,43,122,521,399,0.683301343570058,0.0825335892514395,0.765834932821497,8201855970.15234,605523.420475756
265,2620050,Kalkaska Public Schools,758,97,543,1398,855,0.542203147353362,0.0693848354792561,0.611587982832618,12423500084.4189,870835.904640426
266,2620070,Kearsley Community Schools,1981,208,877,3066,2189,0.646118721461187,0.0678408349641226,0.71395955642531,611541218.856934,158716.012080062
267,2620160,Kelloggsville Public Schools,2007,249,690,2946,2256,0.681262729124236,0.0845213849287169,0.765784114052953,112979172.32373,61313.0908972423
268,2620280,Kenowa Hills Public Schools,2071,344,2306,4721,2415,0.438678246134294,0.0728659182376615,0.511544164371955,1310501502.73877,356234.568164328
269,2620310,Kent City Community Schools,694,113,487,1294,807,0.536321483771252,0.0873261205564142,0.623647604327666,1894788581.45166,472860.269736784
270,2620340,Kentwood Public Schools,5870,865,3155,9890,6735,0.593528816986855,0.0874620829120324,0.680990899898888,672950832.973145,196530.091944371
271,2620380,Kingsley Area Schools,633,108,785,1526,741,0.41480996068152,0.0707732634338139,0.485583224115334,3443061690.43555,458549.567543684
272,2620400,Kingston Community School District,295,51,242,588,346,0.501700680272109,0.086734693877551,0.58843537414966,2167366931.38086,381392.752631997
273,2600018,L'Anse Area Schools,320,37,258,615,357,0.520325203252033,0.0601626016260163,0.580487804878049,20513162787.5586,1080097.34138866
274,2621870,L'Anse Creuse Public Schools,3589,466,6372,10427,4055,0.344202551069339,0.0446916658674595,0.388894216936799,985395963.474609,255734.895682677
275,2620550,Laingsburg Community School District,240,73,818,1131,313,0.212201591511936,0.0645446507515473,0.276746242263484,1269020063.70605,330504.594959118
276,2620670,Lake Fenton Community Schools,542,69,1469,2080,611,0.260576923076923,0.0331730769230769,0.29375,720787639.459961,198901.951472914
277,2620700,Lake Linden-Hubbell School District,199,35,199,433,234,0.459584295612009,0.0808314087759815,0.540415704387991,5105627709.18945,460207.915836631
278,2620730,Lake Orion Community Schools,1415,289,5645,7349,1704,0.192543203156892,0.0393250782419377,0.23186828139883,1394203082.02734,245148.186617602
279,2632670,Lake Shore Public Schools (Macomb),1425,198,1933,3556,1623,0.400731158605174,0.0556805399325084,0.456411698537683,123141778.588379,57371.9874921998
280,2620820,Lakeshore School District (Berrien),768,123,1903,2794,891,0.274874731567645,0.0440229062276306,0.318897637795276,1033109075.16553,208589.34834095
281,2620910,Lakeview Community Schools (Montcalm),579,84,521,1184,663,0.48902027027027,0.0709459459459459,0.559966216216216,5875698336.18604,762400.202054927
282,2620940,LakeVille Community Schools,632,102,418,1152,734,0.548611111111111,0.0885416666666667,0.637152777777778,2563362096.13916,354240.049034777
283,2620980,Lakewood Public Schools,624,154,1045,1823,778,0.342292923752057,0.0844761382336807,0.426769061985738,6013290220.70752,767298.088758011
284,2621120,Lamphere Public Schools,1329,125,1495,2949,1454,0.450661241098678,0.0423872499152255,0.493048491013903,143287461.525391,53034.8030028633
285,2621150,Lansing Public School District,9058,571,2748,12377,9629,0.731841318574776,0.0461339581481781,0.777975276722954,1446115719.05713,275694.439316046
286,2621180,Lapeer Community Schools,2270,379,2782,5431,2649,0.417970907751795,0.0697845700607623,0.487755477812558,5685409589.72607,621385.130531353
287,2621210,Lawrence Public School District,480,50,274,804,530,0.597014925373134,0.0621890547263682,0.659203980099503,1357839170.43457,245634.402038885
288,2612560,East Jordan Public Schools,,,,,,,,,3228265038.62402,386466.546708952
289,2612660,Easton Township S/D #6,,,,,,,,,122320426.85498,54022.9194422194
290,2613140,Elm River Township School District,,,,,,,,,2612198931.44727,222341.712215866
291,2613680,Excelsior Township S/D #1,,,,,,,,,512978498.103516,121732.021696742
292,2615090,Free Soil Community Schools,,,,,,,,,2195362101.6377,298170.123442079
293,2615480,Galien Township School District,,,,,,,,,1389973714.99731,236766.357442666
294,2615750,Genesee School District,,,,,,,,,170145264.579102,116154.749634534
295,2616560,Grant Township S/D #2,,,,,,,,,3468267904.17773,430021.794122372
296,2617340,Hagar Township S/D #6,,,,,,,,,73434636.3093262,47890.3256908848
297,2617820,Harrison Community Schools,,,,,,,,,6898080009.94434,484133.059578705
298,2619140,School District of the City of Inkster,,,,,,,,,91361223.765625,49042.4795606098
299,2619290,Ionia Township S/D #2,,,,,,,,,78626793.4536133,46994.6720366732
300,2619890,Johannesburg-Lewiston Area Schools,,,,,,,,,8277743915.86719,594988.338423142
301,2620610,Lake City Area School District,,,,,,,,,7425859769.85352,775584.516116035
302,,,,,,,,,,,123493034.207031,49273.0117500162
303,2621240,Lawton Community School District,459,76,457,992,535,0.462701612903226,0.0766129032258065,0.539314516129032,1216641364.29492,217010.247664494
304,2621450,Leslie Public Schools,534,113,684,1331,647,0.401202103681443,0.0848985725018783,0.486100676183321,2069639159.76611,447968.525688009
305,2621570,Lincoln Consolidated School District,1555,195,1679,3429,1750,0.453484981044036,0.0568678915135608,0.510352872557597,1668041272.81836,213347.858836059
306,2621600,Lincoln Park Public Schools,3940,263,631,4834,4203,0.815059991725279,0.0544062887877534,0.869466280513033,163125540.919678,54591.3112133491
307,2621690,Linden Community Schools,693,146,1928,2767,839,0.250451752800867,0.0527647271413083,0.303216479942176,1340701346.20703,319833.263669072
308,2621750,Litchfield Community Schools,149,13,74,236,162,0.63135593220339,0.0550847457627119,0.686440677966102,1608831816.70032,272746.096171013
309,2621840,Livonia Public Schools,4442,644,10235,15321,5086,0.289928855818811,0.0420338098035376,0.331962665622348,1093861176.31641,147863.488212602
310,2622050,Lowell Area Schools,938,236,2647,3821,1174,0.245485475006543,0.0617639361423711,0.307249411148914,3748052180.56982,581471.074907439
311,2622200,Ludington Area School District,1001,99,1054,2154,1100,0.464716805942433,0.0459610027855153,0.510677808727948,2207004465.45508,276825.724459392
312,2622260,Mackinaw City Public Schools,64,8,73,145,72,0.441379310344828,0.0551724137931034,0.496551724137931,1002270120.22461,196795.138228465
313,2622290,Madison Public Schools (Oakland),1393,58,387,1838,1451,0.757889009793254,0.0315560391730141,0.789445048966268,419903803.460327,150900.087020993
314,2622350,Mancelona Public Schools,80,11,34,125,91,0.64,0.088,0.728,4055883760.59668,522394.010897605
315,2622380,Manchester Community Schools,195,32,710,937,227,0.208110992529349,0.0341515474919957,0.242262540021345,2638649203.05322,357676.998718242
316,2622410,Manistee Area Schools,2735,303,1292,4330,3038,0.631639722863741,0.0699769053117783,0.70161662817552,2153900451.44727,331244.81505131
317,2622470,Manistique Area Schools,451,71,279,801,522,0.563046192259675,0.0886392009987516,0.651685393258427,24578379054.4355,1064365.45329581
318,2622500,Manton Consolidated Schools,490,93,372,955,583,0.513089005235602,0.0973821989528796,0.610471204188482,4069490228.15039,397220.95945822
319,2622620,Maple Valley Schools,541,58,455,1054,599,0.513282732447818,0.0550284629981025,0.56831119544592,3624884937.93262,508760.847928812
320,2622860,Marlette Community Schools,417,90,332,839,507,0.497020262216925,0.107270560190703,0.604290822407628,4076074123.11377,443745.442975248
321,2600013,Marquette Area Public Schools,985,151,2437,3573,1136,0.275678701371397,0.042261404981808,0.317940106353205,3601964292.37109,473495.509140525
322,2622970,Marshall Public Schools,964,170,1511,2645,1134,0.364461247637051,0.0642722117202268,0.428733459357278,2909539916.38745,394280.413174627
323,2623040,Marysville Public Schools,847,130,1933,2910,977,0.29106529209622,0.0446735395189003,0.33573883161512,963176686.681152,191591.169761323
324,2623100,Mason Consolidated Schools (Monroe),454,79,554,1087,533,0.417663293468261,0.0726770929162834,0.490340386384545,3953572463.51465,678330.156401346
325,2623130,Mason County Central Schools,803,112,594,1509,915,0.532140490390987,0.0742213386348575,0.606361829025845,6387513587.56055,976625.157788547
326,2623160,Mason County Eastern Schools,296,41,102,439,337,0.674259681093394,0.0933940774487472,0.767653758542141,3772522790.98535,552825.611477085
327,2623250,Mattawan Consolidated School,666,85,3068,3819,751,0.17439120188531,0.0222571353757528,0.196648337261063,1516222519.11182,305027.8008022
328,2623280,Mayville Community School District,382,39,176,597,421,0.639865996649916,0.0653266331658292,0.705192629815745,2624794819.1792,323013.36324556
329,2623310,McBain Rural Agricultural Schools,408,109,533,1050,517,0.388571428571429,0.103809523809524,0.492380952380952,4970142055.41113,605309.560346304
330,2623460,Melvindale-North Allen Park Schools,2694,179,471,3344,2873,0.805622009569378,0.0535287081339713,0.859150717703349,157186893.166016,56667.2028677307
331,2623490,Memphis Community Schools,265,45,559,869,310,0.304948216340621,0.0517836593785961,0.356731875719217,1660523918.92529,341883.017668904
332,2623520,Mendon Community School District,230,27,281,538,257,0.427509293680297,0.050185873605948,0.477695167286245,1556188158.59875,356334.875172631
333,2623550,Menominee Area Public Schools,714,125,648,1487,839,0.480161398789509,0.0840618695359785,0.564223268325488,2462114921.66504,350530.565592821
334,2623580,Meridian Public Schools,578,59,693,1330,637,0.434586466165414,0.0443609022556391,0.478947368421053,2681092867.64746,318401.979939539
335,2623610,Merrill Community Schools,275,42,294,611,317,0.450081833060556,0.0687397708674304,0.518821603927987,2812655257.32471,548748.505364135
336,2623670,Mesick Consolidated Schools,407,46,102,555,453,0.733333333333333,0.0828828828828829,0.816216216216216,5567335873.19141,682586.741545535
337,2623790,Michigan Center School District,669,97,662,1428,766,0.468487394957983,0.0679271708683473,0.536414565826331,444125341.039307,133041.2657625
338,2623830,Mid Peninsula School District,80,15,61,156,95,0.512820512820513,0.0961538461538462,0.608974358974359,9095286395.51758,461288.175602435
339,2623820,Midland Public Schools,1924,299,5171,7394,2223,0.260210981877198,0.0404381931295645,0.300649175006762,3868987149.0791,444017.251589496
340,2623850,Milan Area Schools,720,141,2050,2911,861,0.247337684644452,0.0484369632428719,0.295774647887324,2342827016.86426,374384.815975483
341,2623910,Millington Community Schools,563,58,594,1215,621,0.463374485596708,0.0477366255144033,0.511111111111111,2639592932.88428,402997.667754747
342,2624000,Mio-AuSable Schools,335,40,155,530,375,0.632075471698113,0.0754716981132075,0.707547169811321,9945639680.97949,443832.068354649
343,2624120,Mona Shores Public School District,1541,275,2176,3992,1816,0.386022044088176,0.0688877755511022,0.454909819639279,567305647.958008,132884.892101835
344,2624150,Monroe Public Schools,3268,328,2352,5948,3596,0.549428379287155,0.0551445864156019,0.604572965702757,2358014250.06555,353918.638080209
345,2612960,Montabella Community Schools,445,68,261,774,513,0.574935400516796,0.0878552971576227,0.662790697674419,4114925172.68604,603749.596618799
346,2624180,Montague Area Public Schools,669,83,768,1520,752,0.440131578947368,0.0546052631578947,0.494736842105263,2699038743.69922,313721.313648507
347,2624570,Morenci Area Schools,372,85,205,662,457,0.561933534743202,0.128398791540786,0.690332326283988,2056317721.60364,339320.528087558
348,2624600,Morley Stanwood Community Schools,670,83,402,1155,753,0.58008658008658,0.0718614718614719,0.651948051948052,4508167305.91895,422074.384297914
349,2624630,Morrice Area Schools,239,39,263,541,278,0.44177449168207,0.0720887245841035,0.513863216266174,1480358185.59375,431115.70387955
350,2624690,Mt. Clemens Community School District,1421,79,475,1975,1500,0.719493670886076,0.04,0.759493670886076,172112610.748047,86002.6198516537
351,2624720,Mt. Morris Consolidated Schools,1530,121,305,1956,1651,0.782208588957055,0.0618609406952965,0.844069529652352,799474475.42627,278987.660497519
352,2624750,Mt. Pleasant City School District,1837,255,2580,4672,2092,0.393193493150685,0.0545804794520548,0.44777397260274,3717219247.35449,897689.267379886
353,2624810,Munising Public Schools,128,12,131,271,140,0.472324723247232,0.044280442804428,0.516605166051661,8756992393.2168,733364.396641418
354,2624840,Muskegon City School District,3913,179,444,4536,4092,0.862654320987654,0.0394620811287478,0.902116402116402,481495730.711426,147301.497564158
355,2624870,Muskegon Heights School District,671,7,49,727,678,0.922971114167813,0.00962861072902338,0.932599724896836,88116226.5493164,43183.5221618983
356,2625400,N.I.C.E. Community Schools,378,67,749,1194,445,0.316582914572864,0.0561139028475712,0.372696817420436,17762308775.834,967512.801187741
357,2625020,Negaunee Public Schools,382,108,1030,1520,490,0.251315789473684,0.0710526315789474,0.322368421052632,3264923938.28906,284808.59602458
358,2625140,New Buffalo Area Schools,87,18,123,228,105,0.381578947368421,0.0789473684210526,0.460526315789474,642951373.078125,126129.223754729
359,2625230,New Haven Community Schools,319,41,859,1219,360,0.2616899097621,0.0336341263330599,0.29532403609516,1333081001.10059,246748.549103561
360,2625290,New Lothrop Area Public Schools,130,6,330,466,136,0.278969957081545,0.0128755364806867,0.291845493562232,1606851647.12451,439656.522335371
361,2625560,Niles Community School District,1909,251,1476,3636,2160,0.525027502750275,0.069031903190319,0.594059405940594,1992172718.67188,277076.984044268
362,2625650,North Adams-Jerome Schools,157,24,74,255,181,0.615686274509804,0.0941176470588235,0.709803921568627,1809608881.96521,359656.235460398
363,2629220,North Central Area Schools,136,52,177,365,188,0.372602739726027,0.142465753424658,0.515068493150685,7595885645.7168,470797.735090256
364,2630480,North Dickinson County Schools,94,22,136,252,116,0.373015873015873,0.0873015873015873,0.46031746031746,14158591472.8691,540128.571770635
365,2625780,North Huron School District,201,23,193,417,224,0.482014388489209,0.0551558752997602,0.537170263788969,3745129628.04688,997513.428091982
366,2625800,North Muskegon Public Schools,253,33,757,1043,286,0.242569511025887,0.0316395014381592,0.274209012464046,121462381.467285,79044.855585561
367,2625950,Northview Public School District,1176,245,1842,3263,1421,0.36040453570334,0.0750842782715293,0.43548881397487,391766148.022949,113715.758172693
368,2625980,Northville Public Schools,433,61,6950,7444,494,0.0581676518001075,0.00819451907576572,0.0663621708758732,721696529.520996,139594.847769368
369,2626010,Northwest Community Schools,2075,243,1547,3865,2318,0.536869340232859,0.0628719275549806,0.59974126778784,2922063549.12964,477666.703722169
370,2626040,Norway-Vulcan Area Schools,306,42,360,708,348,0.432203389830508,0.0593220338983051,0.491525423728814,6817514043.14258,476144.649159603
371,2626130,Novi Community School District,565,71,6070,6706,636,0.084252907843722,0.0105875335520429,0.094840441395765,513742818.283203,139702.2039146
372,2626190,Oak Park City School District,4315,109,891,5315,4424,0.811853245531515,0.0205079962370649,0.83236124176858,121279114.345703,61077.9244018764
373,2626220,Oakridge Public Schools,1129,164,678,1971,1293,0.572805682394724,0.0832064941653983,0.656012176560122,1048683879.78857,142627.792599038
374,2626280,Okemos Public Schools,2186,327,4850,7363,2513,0.296889854678799,0.0444112454162705,0.34130110009507,632525077.019043,160977.257119974
375,2626370,Olivet Community Schools,448,87,943,1478,535,0.303112313937754,0.0588633288227334,0.361975642760487,3021735339.88086,444546.320189359
376,2626400,Onaway Area Community School District,356,40,246,642,396,0.554517133956386,0.0623052959501558,0.616822429906542,11418490332.8984,520819.10142567
377,2626490,Onekama Consolidated Schools,210,22,205,437,232,0.480549199084668,0.0503432494279176,0.530892448512586,2276156924,347846.527115609
378,2626520,Onsted Community Schools,401,96,805,1302,497,0.307987711213518,0.0737327188940092,0.381720430107527,2661605341.67859,438090.052442826
379,2626550,Ontonagon Area Schools,133,33,134,300,166,0.443333333333333,0.11,0.553333333333333,19159705709.3555,827827.939377383
380,2626760,Orchard View Schools,2439,185,720,3344,2624,0.729366028708134,0.055322966507177,0.784688995215311,383267083.969727,102814.520773113
381,2627060,Otsego Public Schools,702,145,1440,2287,847,0.306952339309139,0.0634018364669873,0.370354175776126,2288628332.91187,325972.209118024
382,2627150,Ovid-Elsie Area Schools,638,110,824,1572,748,0.405852417302799,0.0699745547073791,0.475826972010178,4245184254.47266,683871.795212933
383,2627180,Owendale-Gagetown Area Schools,76,24,52,152,100,0.5,0.157894736842105,0.657894736842105,1712780634.40918,439187.287956007
384,2627210,Owosso Public Schools,1689,156,1415,3260,1845,0.518098159509202,0.0478527607361963,0.565950920245399,2957969221.12842,513326.648765515
385,2627240,Oxford Community Schools,1221,157,4192,5570,1378,0.219210053859964,0.0281867145421903,0.247396768402154,2158840592.9541,321463.93311981
386,2627420,Parchment School District,767,143,710,1620,910,0.473456790123457,0.0882716049382716,0.561728395061728,406366188.055664,147084.012866855
387,2627660,Paw Paw Public School District,834,91,1261,2186,925,0.381518755718207,0.0416285452881976,0.423147301006404,2211097616.97021,339432.509940229
388,2627690,Peck Community School District,173,38,137,348,211,0.497126436781609,0.109195402298851,0.60632183908046,1854980305.35547,312701.90066126
389,2627720,Pellston Public Schools,307,46,236,589,353,0.521222410865874,0.0780984719864177,0.599320882852292,6958779440.54297,595636.400791848
390,2627810,Pennfield Schools,988,136,1106,2230,1124,0.44304932735426,0.0609865470852018,0.504035874439462,1172269223.4707,244811.939936357
391,2627840,Pentwater Public School District,126,18,136,280,144,0.45,0.0642857142857143,0.514285714285714,1042858389.97266,333546.602524482
392,2627900,Perry Public School District,441,73,619,1133,514,0.389232127096205,0.0644307149161518,0.453662842012357,2000572352.95459,368528.522090511
393,2627930,Public Schools of Petoskey,920,169,1914,3003,1089,0.306360306360306,0.0562770562770563,0.362637362637363,4822015154.77051,393564.96453407
394,2627960,Pewamo-Westphalia Community Schools,210,45,736,991,255,0.211907164480323,0.0454086781029263,0.257315842583249,2281817520.64209,437976.931118321
395,2628140,Pinckney Community Schools,576,90,2475,3141,666,0.183381088825215,0.0286532951289398,0.212034383954155,1957100335.62085,297018.872879793
396,2628170,Pinconning Area Schools,626,121,571,1318,747,0.474962063732929,0.0918057663125948,0.566767830045524,5401270800.05371,615725.061039432
397,2628200,Pine River Area Schools,529,75,482,1086,604,0.487108655616943,0.069060773480663,0.556169429097606,8447840480.23145,819271.898421439
398,2628500,Pittsford Area Schools,260,35,200,495,295,0.525252525252525,0.0707070707070707,0.595959595959596,2220129730.95715,339553.58837118
399,2628530,Plainwell Community Schools,864,114,1812,2790,978,0.309677419354839,0.0408602150537634,0.350537634408602,1864233203.02808,310907.925092097
400,2628560,Plymouth-Canton Community Schools,3051,466,15888,19405,3517,0.157227518680752,0.0240144292708065,0.181241947951559,1690518518.17871,258485.553309265
401,2628740,Pontiac City School District,6040,162,991,7193,6202,0.839705269011539,0.0225218962880578,0.862227165299597,1111207632.69385,196657.001886744
402,2628830,Port Huron Area School District,5310,448,4142,9900,5758,0.536363636363636,0.0452525252525253,0.581616161616162,3333633781.47266,357167.586719124
403,2628950,Portage Public Schools,2121,427,6496,9044,2548,0.234520123839009,0.0472136222910217,0.281733746130031,1194112347.30444,210221.42439105
404,2629120,Portland Public School District,401,91,1071,1563,492,0.256557901471529,0.0582213691618682,0.314779270633397,3111834076.12549,413661.97434136
405,2629160,Potterville Public Schools,345,48,452,845,393,0.408284023668639,0.0568047337278106,0.46508875739645,444393140.745117,257997.511781245
406,2629250,Quincy Community School District,487,85,652,1224,572,0.397875816993464,0.0694444444444444,0.467320261437909,3006595467.37793,611472.561189186
407,2629340,Rapid River Public Schools,142,23,190,355,165,0.4,0.0647887323943662,0.464788732394366,8225612206.74023,613848.994903245
408,2629370,Ravenna Public Schools,388,86,542,1016,474,0.381889763779528,0.0846456692913386,0.466535433070866,2484474658.52246,311594.027677432
409,2629400,Reading Community Schools,279,24,203,506,303,0.551383399209486,0.0474308300395257,0.598814229249012,2203125856.82678,432764.453171512
410,2629460,Redford Union School District,3349,196,941,4486,3545,0.746544806063308,0.0436914846188141,0.790236290682122,156541556.446289,64199.4261979686
411,2629490,Reed City Area Public Schools,834,97,681,1612,931,0.517369727047146,0.0601736972704715,0.577543424317618,6026875869.95898,537790.371347328
412,2629540,Reeths-Puffer Schools,1657,308,1835,3800,1965,0.436052631578947,0.0810526315789474,0.517105263157895,2122770712.83643,307705.424483991
413,2629580,Republic-Michigamme Schools,56,11,43,110,67,0.509090909090909,0.1,0.609090909090909,8086943970.43359,644445.621476166
414,2629670,Richmond Community Schools,391,83,943,1417,474,0.275935074100212,0.0585744530698659,0.334509527170078,1990439841.70313,340259.943415387
415,2629760,River Rouge School District,1657,25,467,2149,1682,0.77105630525826,0.0116333178222429,0.782689623080503,95526822.1259766,48729.1805351831
416,2629790,River Valley School District,281,38,258,577,319,0.487001733102253,0.0658578856152513,0.552859618717504,2260005217.00208,324059.360137502
417,2629910,Riverview Community School District,1030,211,1577,2818,1241,0.365507452093683,0.0748757984386089,0.440383250532292,157633072.767334,53530.8005428601
418,2629940,Rochester Community School District,1507,232,13290,15029,1739,0.100272805908577,0.0154368221438552,0.115709628052432,1750836640.51807,266727.536877476
419,2630030,Rockford Public Schools,972,181,6778,7931,1153,0.12255705459589,0.0228218383558189,0.145378892951709,2439848641.25,339745.064891455
420,2630060,Rogers City Area Schools,274,60,211,545,334,0.502752293577982,0.110091743119266,0.612844036697248,5262302412.02148,419123.488885228
421,2630090,Romeo Community Schools,1133,175,3769,5077,1308,0.223163285404767,0.0344691747094741,0.257632460114241,2386166515.56738,302165.003016157
422,2630120,Romulus Community Schools,2446,252,762,3460,2698,0.706936416184971,0.0728323699421965,0.779768786127168,980960218.158936,126018.571795708
423,2615830,Roscommon Area Public Schools,592,28,95,715,620,0.827972027972028,0.0391608391608392,0.867132867132867,9583764308.56152,510806.065309509
424,2630210,Roseville Community Schools,3864,303,1636,5803,4167,0.665862484921592,0.0522143718766155,0.718076856798208,254824832.004883,80110.3261629914
425,2630300,School District of the City of Royal Oak,1046,176,3704,4926,1222,0.212342671538774,0.0357287860332927,0.248071457572067,342593450.645508,118733.632866525
426,2630360,Rudyard Area Schools,453,68,231,752,521,0.602393617021277,0.0904255319148936,0.69281914893617,11230183146.3496,628689.147628562
427,2630390,Saginaw City School District,5525,186,1162,6873,5711,0.803870216790339,0.0270624181580096,0.830932634948349,943284737.649414,253796.584127106
428,2630450,Saginaw Township Community Schools,2091,312,2673,5076,2403,0.41193853427896,0.0614657210401891,0.473404255319149,700682279.705078,147434.355137299
429,2630660,Saline Area Schools,537,125,4533,5195,662,0.103368623676612,0.0240615976900866,0.127430221366699,2668442021.83813,349519.333863252
430,2630780,Sand Creek Community Schools,348,82,451,881,430,0.395005675368899,0.0930760499432463,0.488081725312145,2187773578.29779,333248.232217968
431,2630840,Sandusky Community School District,512,94,521,1127,606,0.454303460514641,0.0834072759538598,0.5377107364685,4267378420.96191,451757.528504547
432,2630930,Saranac Community Schools,311,99,501,911,410,0.341383095499451,0.108671789242591,0.450054884742042,2009492636.59326,396207.974913144
433,2630960,Saugatuck Public Schools,127,25,335,487,152,0.260780287474333,0.0513347022587269,0.31211498973306,616403638.189941,196254.015292281
434,2630990,Sault Ste. Marie Area Schools,1284,215,1220,2719,1499,0.472232438396469,0.079073188672306,0.551305627068775,7577798247.21289,428409.253871189
435,2631020,Schoolcraft Community Schools,226,56,790,1072,282,0.210820895522388,0.0522388059701493,0.263059701492537,1420096545.17432,208577.569794834
436,2631320,Shelby Public Schools,884,143,275,1302,1027,0.678955453149002,0.109831029185868,0.788786482334869,4183703165.92285,484696.740437583
437,2631380,Shepherd Public School District,752,93,823,1668,845,0.45083932853717,0.0557553956834532,0.506594724220623,3134868047.67383,708867.80063432
438,2632300,South Haven Public Schools,1036,104,545,1685,1140,0.614836795252226,0.0617210682492582,0.676557863501484,2005636421.09521,244794.670012878
439,2632220,South Lake Schools,972,137,539,1648,1109,0.589805825242718,0.0831310679611651,0.672936893203884,116813914.191406,64348.8049634099
440,2632250,South Lyon Community Schools,1090,128,6058,7276,1218,0.149807586586036,0.0175920835623969,0.167399670148433,2230438675.19775,274014.133698933
441,2632280,South Redford School District,2611,302,1299,4212,2913,0.619895536562203,0.0716999050332384,0.691595441595442,151620419.021973,53640.6158443439
442,2632310,Southfield Public School District,6652,732,3313,10697,7384,0.621856595307095,0.0684304010470225,0.690286996354118,731355828.98584,127289.67908021
443,2632340,Southgate Community School District,2122,208,2163,4493,2330,0.472290229245493,0.0462942354774093,0.518584464722902,201439571.846924,61137.9852817032
444,2632370,Sparta Area Schools,996,151,1321,2468,1147,0.403565640194489,0.0611831442463533,0.464748784440843,2050786370.7793,396480.16788274
445,2632550,Spring Lake Public Schools,353,91,2014,2458,444,0.143612693246542,0.0370219690805533,0.180634662327095,978484536.401855,226797.307691853
446,2632610,Springport Public Schools,515,65,391,971,580,0.53038105046344,0.0669412976313079,0.597322348094748,2825940526.74023,392048.895049819
447,2632640,St. Charles Community Schools,413,61,444,918,474,0.449891067538126,0.0664488017429194,0.516339869281046,1948895041.67822,307554.056608801
448,2600012,St. Ignace Area Schools,212,45,245,502,257,0.422310756972112,0.0896414342629482,0.51195219123506,4653105447.98438,508639.632549683
449,2632820,St. Johns Public Schools,794,99,1721,2614,893,0.303749043611324,0.0378729915837797,0.341622035195103,5700108054.9292,742102.193655689
450,2632850,St. Joseph Public Schools,788,199,2102,3089,987,0.255098737455487,0.0644221430883781,0.319520880543865,472208182.457275,152221.266919584
451,2632880,St. Louis Public Schools,454,44,335,833,498,0.545018007202881,0.0528211284513806,0.597839135654262,2419639135.47998,457136.614836105
452,2632940,Standish-Sterling Community Schools,823,132,650,1605,955,0.512772585669782,0.0822429906542056,0.595015576323987,5978113948.51074,526433.14319155
453,2633000,Stephenson Area Public Schools,42,22,66,130,64,0.323076923076923,0.169230769230769,0.492307692307692,11068784253.4219,684396.430026898
454,2633030,Stockbridge Community Schools,477,75,733,1285,552,0.371206225680934,0.0583657587548638,0.429571984435798,3582936847.64868,432656.930537046
455,2633090,Sturgis Public Schools,1843,210,1236,3289,2053,0.560352690787473,0.0638491942839769,0.62420188507145,1900817093.77856,252924.35860467
456,2633120,Summerfield School District,183,23,438,644,206,0.28416149068323,0.0357142857142857,0.319875776397516,1182421039.67993,225879.044913196
457,2633360,Suttons Bay Public Schools,297,41,297,635,338,0.467716535433071,0.0645669291338583,0.532283464566929,1402546904.94434,261190.129073162
458,2633410,Swan Valley School District,591,95,1134,1820,686,0.324725274725275,0.0521978021978022,0.376923076923077,949864676.925293,188713.854411324
459,2633420,Swartz Creek Community Schools,1606,143,1227,2976,1749,0.539650537634409,0.0480510752688172,0.587701612903226,1992835511.41357,415131.522498571
460,2625350,Tahquamenon Area Schools,425,63,282,770,488,0.551948051948052,0.0818181818181818,0.633766233766234,35868115975.6074,1018614.56945224
461,2633510,Tawas Area Schools,805,109,566,1480,914,0.543918918918919,0.0736486486486486,0.617567567567568,4779364305.46582,533984.721158402
462,2633540,Taylor School District,6320,555,2187,9062,6875,0.697417788567645,0.0612447583314941,0.758662546899139,722405607.617432,140549.951628321
463,2633720,Tecumseh Public Schools,449,67,1040,1556,516,0.288560411311054,0.0430591259640103,0.331619537275064,2182310183.87549,441374.526410504
464,2633750,Tekonsha Community Schools,135,20,94,249,155,0.542168674698795,0.0803212851405622,0.622489959839357,1430400486.93164,283423.414202059
465,2633810,Thornapple Kellogg School District,754,226,2124,3104,980,0.242912371134021,0.0728092783505155,0.315721649484536,3273699599.03174,490962.306973903
466,2633840,Three Rivers Community Schools,1255,174,1078,2507,1429,0.500598324690866,0.0694056641404069,0.570003988831272,3329999003.62476,495976.245503547
467,2633870,Traverse City Area Public Schools,3506,697,6870,11073,4203,0.316626027273548,0.0629459044522713,0.37957193172582,7919432412.66211,934511.320709687
468,2633900,Trenton Public Schools,511,37,1977,2525,548,0.202376237623762,0.0146534653465347,0.217029702970297,177093389.445068,57107.3910803251
469,2633930,Tri County Area Schools,37,6,23,66,43,0.560606060606061,0.0909090909090909,0.651515151515151,3542655986.98877,489840.504222212
470,2634260,Troy School District,1486,317,10675,12478,1803,0.119089597691938,0.0254047122936368,0.144494309985575,742720066.54248,141526.853990797
471,2634380,Ubly Community Schools,270,41,397,708,311,0.38135593220339,0.057909604519774,0.439265536723164,4790837390.98047,506304.796032518
472,2634410,Union City Community Schools,500,86,454,1040,586,0.480769230769231,0.0826923076923077,0.563461538461538,2803246654.24683,446833.71998378
473,2634440,Unionville-Sebewaing Area S.D.,275,47,410,732,322,0.37568306010929,0.064207650273224,0.439890710382514,3227059439.59961,636949.83710873
474,2634470,Utica Community Schools,8614,1270,17597,27481,9884,0.313452931116044,0.0462137476802154,0.359666678796259,1877987769.2666,248166.035575008
475,2634560,Van Buren Public Schools,2799,263,3105,6167,3062,0.453867358521161,0.0426463434408951,0.496513701962056,1582808936.7688,229886.128797265
476,2634680,Van Dyke Public Schools,2111,80,258,2449,2191,0.861984483462638,0.0326663944467129,0.894650877909351,136094770.299316,54615.8826596878
477,2634620,Vanderbilt Area Schools,65,7,10,82,72,0.792682926829268,0.0853658536585366,0.878048780487805,3796446654.93848,345562.878208687
478,2634650,Vandercook Lake Public Schools,673,83,388,1144,756,0.588286713286713,0.0725524475524476,0.660839160839161,146488010.921875,61892.4321472285
479,2634710,Vassar Public Schools,708,55,384,1147,763,0.617262423714037,0.047951176983435,0.665213600697472,2368226263.0459,390546.122789303
480,2634920,Vestaburg Community Schools,357,79,216,652,436,0.547546012269939,0.121165644171779,0.668711656441718,1889203039.58936,280069.587864572
481,2634950,Vicksburg Community Schools,770,181,1690,2641,951,0.29155622870125,0.0685346459674366,0.360090874668686,3012723131.32227,401148.012438931
482,2635010,Wakefield-Marenisco School District,130,16,147,293,146,0.443686006825939,0.0546075085324232,0.498293515358362,14443535696.9453,689889.692520854
483,2635040,Waldron Area Schools,137,13,77,227,150,0.60352422907489,0.0572687224669604,0.66079295154185,1646132019.6759,355297.552315514
484,2635130,Walkerville Public Schools,214,15,40,269,229,0.795539033457249,0.0557620817843866,0.851301115241636,3172755496.74023,330078.856746622
485,2635160,Walled Lake Consolidated Schools,3190,458,10294,13942,3648,0.228805049490747,0.0328503801463205,0.261655429637068,1521884411.15625,263236.442136806
486,2635190,Warren Consolidated Schools,9293,857,5476,15626,10150,0.594713938307948,0.054844489952643,0.649558428260591,844822311.348145,153737.168332753
487,2635220,Warren Woods Public Schools,1672,290,1438,3400,1962,0.491764705882353,0.0852941176470588,0.577058823529412,138599225.083008,53002.2792291294
488,2635310,Waterford School District,5454,678,4059,10191,6132,0.535178098322049,0.0665292905504857,0.601707388872535,1106991550.17529,194076.794589243
489,2635340,Watersmeet Township School District,88,20,36,144,108,0.611111111111111,0.138888888888889,0.75,7772297147.82813,389956.78530166
490,2635460,Watervliet School District,778,132,537,1447,910,0.537664132688321,0.0912232204561161,0.628887353144437,1050408957.90967,224962.890421144
491,2635520,Waverly Community Schools,2162,334,1208,3704,2496,0.583693304535637,0.0901727861771058,0.673866090712743,471373353.998535,192501.367991509
492,2635550,Wayland Union Schools,1006,284,1735,3025,1290,0.332561983471074,0.0938842975206612,0.426446280991736,2487580164.43115,357133.902760216
493,2600015,Wayne-Westland Community School District,6409,275,5872,12556,6684,0.510433258999681,0.0219018795794839,0.532335138579165,773120800.651855,220590.11417154
494,2635730,Webberville Community Schools,226,67,226,519,293,0.435452793834297,0.129094412331407,0.564547206165703,1104361103.53027,270462.529546674
495,2635820,West Bloomfield School District,1464,169,3512,5145,1633,0.284548104956268,0.0328474246841594,0.317395529640428,466955445.024414,142502.585294192
496,2635850,West Branch-Rose City Area Schools,93,4,8,105,97,0.885714285714286,0.0380952380952381,0.923809523809524,14434504528.3711,593776.54013034
497,2632910,West Iron County Public Schools,503,66,272,841,569,0.598097502972652,0.0784780023781213,0.676575505350773,16049003856.1836,608042.940911469
498,2635910,West Ottawa Public School District,3486,754,3315,7555,4240,0.461416280608868,0.099801455989411,0.561217736598279,2038012581.68652,218769.410422932
499,2635940,Western School District,904,178,1829,2911,1082,0.31054620405359,0.0611473720371007,0.37169357609069,1884605490.83789,325921.640815026
500,2611640,Westwood Community Schools,1399,50,237,1686,1449,0.829774614472123,0.029655990510083,0.859430604982206,102797742.389404,61399.1745788116
501,2635970,Westwood Heights Schools,2456,87,207,2750,2543,0.893090909090909,0.0316363636363636,0.924727272727273,275959844.131348,88931.0522614469
502,2636120,White Pigeon Community Schools,419,79,272,770,498,0.544155844155844,0.102597402597403,0.646753246753247,1639907083.79822,324036.981622716
503,2636240,Whitefish Township Schools,27,0,15,42,27,0.642857142857143,0,0.642857142857143,6884444004.46289,420259.101198086
504,2636270,Whiteford Agricultural Schools,147,48,543,738,195,0.199186991869919,0.0650406504065041,0.264227642276423,1206166342.47003,188399.861952134
505,2636300,Whitehall District Schools,824,91,1111,2026,915,0.406712734452122,0.0449160908193485,0.451628825271471,1751126939.01074,274670.348256185
506,2636330,Whitmore Lake Public Schools,255,57,560,872,312,0.29243119266055,0.0653669724770642,0.357798165137615,697888768.29834,201045.587390979
507,2636390,Whittemore-Prescott Area Schools,353,29,46,428,382,0.824766355140187,0.0677570093457944,0.892523364485981,4609428533.05957,511193.47124497
508,2636420,Williamston Community Schools,299,45,1463,1807,344,0.165467625899281,0.0249031543995573,0.190370780298838,1651806731.53076,251628.575554379
509,2636485,Woodhaven-Brownstown School District,2108,204,2941,5253,2312,0.401294498381877,0.0388349514563107,0.440129449838188,596296983.566895,146454.69768436
510,2636540,Wyandotte City School District,2583,269,1901,4753,2852,0.543446244477172,0.0565958342099726,0.600042078687145,194517651.267822,60691.1213222936
511,2636570,Wyoming Public Schools,3066,508,1353,4927,3574,0.622285366348691,0.103105337933834,0.725390704282525,310610192.325684,127352.316807292
512,2636600,Yale Public Schools,678,116,1099,1893,794,0.358161648177496,0.0612783940834654,0.419440042260961,4355334902.29248,517132.106114546
513,2636630,School District of Ypsilanti,4322,308,2214,6844,4630,0.631502045587376,0.0450029222676797,0.676504967855056,678927743.195801,167112.322050087
514,2636660,Zeeland Public Schools,1134,349,4485,5968,1483,0.190013404825737,0.0584785522788204,0.248491957104558,2654478150.25098,416496.962048385
515,2621390,Leland Public School District,,,,,,,,,2103338309.88477,397857.050051535
516,2621420,Les Cheneaux Community Schools,,,,,,,,,3417616662.19531,1034230.14843033
517,2622230,Mackinac Island Public Schools,,,,,,,,,119728332.402344,69983.333745062
518,2622830,Mar Lee School District,,,,,,,,,1044267154.771,230925.448223668
519,2622740,Marcellus Community Schools,,,,,,,,,2891736392.19873,456372.397351228
520,2622800,Marion Public Schools,,,,,,,,,4627614264.25391,717628.44373123
521,2622980,Martin Public Schools,,,,,,,,,1727963460.13574,356672.005703965
522,2624420,Montrose Community Schools,,,,,,,,,1000216488.4126,196448.915899327
523,2624540,Moran Township School District,,,,,,,,,3719611777.25977,468214.405270844
524,2624960,Napoleon Community Schools,,,,,,,,,1308450458.11792,239242.165962171
525,2625320,Newaygo Public School District,,,,,,,,,2509068522.78809,433037.113422527
526,2625680,North Branch Area Schools,,,,,,,,,3512726614.21875,395212.387246244
527,2625920,Northport Public School District,,,,,,,,,1346341592.15723,355959.144668632
528,2626100,Nottawa Community School,,,,,,,,,487647545.187622,309021.091568124
529,2626970,Oscoda Area Schools,,,,,,,,,10033458668.333,557364.532270656
530,2627390,Palo Community School District,,,,,,,,,579913073.703125,218028.813448416
531,2628020,Pickford Public Schools,,,,,,,,,6803365145.08594,505299.391449537
532,2628810,Port Hope Community Schools,,,,,,,,,1420153707.19727,377531.685521235
533,2629130,Posen Consolidated School District,,,,,,,,,4489829533.17383,415024.404392851
534,2629520,Reese Public Schools,,,,,,,,,2364310408.32813,569780.519593129
535,2631830,Sigel Township S/D #6,,,,,,,,,180511697.837891,65459.8188642423
536,2632070,Sodus Township S/D #5,,,,,,,,,75000946.1516113,50112.8265909374
537,2632970,Stanton Township Public Schools,,,,,,,,,3472486348.93359,324437.944246362
538,2600019,Superior Central Schools,,,,,,,,,6409187535.4707,372305.661284939
539,2636060,White Cloud Public Schools,,,,,,,,,5996454455.97656,529219.834510094
540,2636450,Willow Run Community Schools,,,,,,,,,447056322.355225,142634.943296148
541,2636480,Wolverine Community Schools,,,,,,,,,4574197533.91895,328589.847093922
542,,,,,,,,,,,78435028.1113281,90987.8143691601
543,,,,,,,,,,,5772696911.28711,478748.889485278
544,,,,,,,,,,,198148265.587891,97030.5250066002
545,,,,,,,,,,,219438463.932617,112393.918058621
546,,,,,,,,,,,190442592.494141,92093.3036345253
547,,,,,,,,,,,4219688176.3418,277814.776799151
